USE TEST
GO

INSERT INTO role (roleName, description)
VALUES 
(N'admin', N'Quản trị hệ thống'),
(N'Học viên', N'Học viên tham gia khóa học'),
(N'Giáo viên', N'Giáo viên giảng dạy');
GO

DECLARE @password NVARCHAR(255) = '$2a$12$Bg5w2/JMtIR1BqNS5Q3Oxe0SLmolis8N1YhWgin2q.kFvwHZZ./da';  -- PASS: "Gplx@000"
INSERT INTO [user] (username, password, tenDayDu, email, soDienThoai, diaChi, cccd, gioiTinh, ngaySinh, laGiaoVien, trangThai, avatar, roleId)
VALUES
--admin
('admin.master', @password, N'Quản Trị Hệ Thống', 'admin@gplx.edu.vn', '0909000000', N'Hà Nội', '111111111111', N'Nam', '1980-01-01', 0, 1, 'wwwroot/images/avatar/admin.png', 1),
('admin.support', @password, N'Hỗ Trợ Trung Tâm',  'support@gplx.edu.vn', '0909555555', N'Hồ Chí Minh', '222222222222', N'Nữ', '1985-05-20', 0, 1, 'wwwroot/images/avatar/support.png', 1),
--GV
('nguyen.van.dung',  @password, N'Nguyễn Văn Dũng',  'nguyen.van.dung@gplx.edu.vn',  '0905123001', N'Hà Nội',       '012345678901', N'Nam', '1985-04-12', 1, 1, 'wwwroot/images/avatar/dung.png', 3),
('tran.thi.kim.anh', @password, N'Trần Thị Kim Anh', 'kim.anh@gplx.edu.vn',          '0917345221', N'Hải Phòng',    '023456789012', N'Nữ',  '1988-09-21', 1, 1, 'wwwroot/images/avatar/kimanh.png', 3),
('pham.hoang.nam',   @password, N'Phạm Hoàng Nam',   'hoang.nam@gplx.edu.vn',        '0982331123', N'Đà Nẵng',     '034567890123', N'Nam', '1984-02-15', 1, 1, 'wwwroot/images/avatar/nam.png', 3),
('le.thanh.long',    @password, N'Lê Thành Long',    'thanh.long@gplx.edu.vn',       '0938123992', N'Thanh Hóa',   '045678901234', N'Nam', '1986-07-08', 1, 1, 'wwwroot/images/avatar/long.png', 3),
('hoang.minh.hoang', @password, N'Hoàng Minh Hoàng', 'minh.hoang@gplx.edu.vn',       '0378899102', N'Nghệ An',     '056789012345', N'Nam', '1983-12-01', 1, 1, 'wwwroot/images/avatar/minhhoang.png', 3),
('vu.thu.trang',     @password, N'Vũ Thu Trang',     'thu.trang@gplx.edu.vn',        '0945221008', N'Hải Dương',   '067890123456', N'Nữ',  '1990-03-19', 1, 1, 'wwwroot/images/avatar/trang.png', 3),
('ngo.quoc.khanh',   @password, N'Ngô Quốc Khánh',   'quoc.khanh@gplx.edu.vn',       '0907442189', N'Quảng Nam',   '078901234567', N'Nam', '1987-11-10', 1, 1, 'wwwroot/images/avatar/khanh.png', 3),
('bui.thanh.tam',    @password, N'Bùi Thành Tâm',    'thanh.tam@gplx.edu.vn',        '0398224711', N'Bình Định',   '089012345678', N'Nam', '1989-08-05', 1, 1, 'wwwroot/images/avatar/tam.png', 3),
('do.tien.phat',     @password, N'Đỗ Tiến Phát',     'tien.phat@gplx.edu.vn',        '0981223344', N'TP. Hồ Chí Minh','095678901234',N'Nam','1986-01-29',1,1,'wwwroot/images/avatar/phat.png',3),
('nguyen.thi.hong',  @password, N'Nguyễn Thị Hồng',  'thi.hong@gplx.edu.vn',         '0934112771', N'Vũng Tàu',    '013579246802', N'Nữ',  '1988-06-14', 1, 1, 'wwwroot/images/avatar/hong.png', 3),
--HV
('nguyen.minh.anh',  @password, N'Nguyễn Minh Anh',  'nguyen.minh.anh@example.com', '0987654321', N'Hà Nội',       '012345678901', N'Nam', '2001-03-15', 0, 1, 'wwwroot/images/avatar/minhanh.png', 2),
('tran.quoc.bao',    @password, N'Trần Quốc Bảo',    'tran.quoc.bao@example.com',   '0912345678', N'Hải Phòng',    '023456789012', N'Nam', '2000-11-02', 0, 1, 'wwwroot/images/avatar/quocbao.png', 2),
('le.thu.ha',        @password, N'Lê Thu Hà',        'le.thu.ha@example.com',       '0356789123', N'Hà Nam',       '034567890123', N'Nữ',  '2002-06-21', 0, 1, 'wwwroot/images/avatar/thuha.png', 2),
('pham.gia.huy',     @password, N'Phạm Gia Huy',     'pham.gia.huy@example.com',    '0961234567', N'Nghệ An',     '045678901234', N'Nam', '1999-09-14', 0, 1, 'wwwroot/images/avatar/giahuy.png', 2),
('hoang.anh.tuan',   @password, N'Hoàng Anh Tuấn',   'hoang.anh.tuan@example.com',  '0901122334', N'Thanh Hóa',   '056789012345', N'Nam', '2001-12-30', 0, 1, 'wwwroot/images/avatar/anhtuan.png', 2),
('do.thi.lan',       @password, N'Đỗ Thị Lan',       'do.thi.lan@example.com',      '0385566778', N'Hà Nội',       '067890123456', N'Nữ',  '2003-05-09', 0, 1, 'wwwroot/images/avatar/thilan.png', 2),
('vo.nhat.quang',    @password, N'Võ Nhật Quang',    'vo.nhat.quang@example.com',   '0978899001', N'Quảng Ngãi',  '078901234567', N'Nam', '1998-07-23', 0, 1, 'wwwroot/images/avatar/nhatquang.png', 2),
('bui.khanh.ly',     @password, N'Bùi Khánh Ly',     'bui.khanh.ly@example.com',    '0369988776', N'Hồ Chí Minh', '089012345678', N'Nữ',  '2004-02-18', 0, 1, 'wwwroot/images/avatar/khanhly.png', 2),
('phan.thanh.tung',  @password, N'Phan Thanh Tùng',  'phan.thanh.tung@example.com', '0937001122', N'Bắc Ninh',    '095678901234', N'Nam', '2000-10-05', 0, 1, 'wwwroot/images/avatar/thanhtung.png', 2),
('ngo.mai.phuong',   @password, N'Ngô Mai Phương',   'ngo.mai.phuong@example.com',  '0394455667', N'Nam Định',    '013579246802', N'Nữ',  '2003-08-27', 0, 1, 'wwwroot/images/avatar/maiphuong.png', 2);
GO
-- Insert khách vãng lai
INSERT INTO [user] (
    username,
    [password],
    tenDayDu,
    email,
    soDienThoai,
    diaChi,
    cccd,
    gioiTinh,
    ngaySinh,
    laGiaoVien,
    trangThai,
    avatar,
    lanDangNhapGanNhat,
    roleId
)
VALUES (
    'guest_rent',
    'guest_rent_pwd',
    N'Khách vãng lai thuê xe',
    NULL,
    NULL,
    NULL,
    NULL,
    NULL,
    NULL,
    0,
    1,
    NULL,
    NULL,
    NULL
);
GO

INSERT INTO hang (maHang, tenDayDu, moTa, diemDat, thoiGianTn, soCauHoi, tuoiToiThieu, tuoiToiDa, sucKhoe, chiPhi, ghiChu)
VALUES
(N'A1', N'Hạng A1', N'Cấp cho người lái xe mô tô hai bánh có dung tích xi-lanh đến 125 cm3 hoặc có công suất động cơ điện đến 11 kW.', 21, 1140, 25, 18, NULL, N'Đủ sức khỏe theo quy định Thông tư liên tịch 24/2015/TTLT-BYT-BGTVT', 1200000, NULL),
(N'A', N'Hạng A', N'Cấp cho người lái xe mô tô hai bánh có dung tích xi-lanh trên 125 cm3 hoặc có công suất động cơ điện trên 11 kW và các loại xe quy định cho giấy phép lái xe hạng A1.', 23, 1140, 25, 18, NULL, N'Đủ sức khỏe theo quy định Thông tư liên tịch 24/2015/TTLT-BYT-BGTVT', 1500000, NULL),
(N'B1', N'Hạng B1', N'Cấp cho người lái xe mô tô ba bánh và các loại xe quy định cho giấy phép lái xe hạng A1.', 26, 1200, 30, 18, NULL, N'Đủ sức khỏe theo quy định Thông tư liên tịch 24/2015/TTLT-BYT-BGTVT', 2500000, NULL),
(N'B', N'Hạng B', N'Cấp cho người lái xe ô tô chở người đến 08 chỗ (kể cả chỗ của người lái xe); ô tô tải và ô tô chuyên dùng có khối lượng toàn bộ thiết kế đến 3.500 kg; xe kéo rơ moóc có khối lượng toàn bộ đến 750 kg.', 27, 1200, 30, 18, NULL, N'Đủ sức khỏe theo quy định Thông tư liên tịch 24/2015/TTLT-BYT-BGTVT', 8500000, NULL),
(N'C1', N'Hạng C1', N'Cấp cho người lái xe ô tô tải và ô tô chuyên dùng có khối lượng toàn bộ thiết kế từ trên 3.500 kg đến 7.500 kg; được kéo rơ moóc có khối lượng toàn bộ đến 750 kg; và các loại xe quy định cho giấy phép lái xe hạng B.', 32, 1320, 35, 21, NULL, N'Đủ sức khỏe theo quy định Thông tư liên tịch 24/2015/TTLT-BYT-BGTVT', 10500000, NULL),
(N'C', N'Hạng C', N'Cấp cho người lái xe ô tô tải và ô tô chuyên dùng có khối lượng toàn bộ thiết kế trên 7.500 kg; được kéo rơ moóc có khối lượng toàn bộ đến 750 kg; và các loại xe quy định cho giấy phép lái xe hạng B và C1.', 36, 1440, 40, 21, NULL, N'Đủ sức khỏe theo quy định Thông tư liên tịch 24/2015/TTLT-BYT-BGTVT', 11500000, NULL),
(N'D2', N'Hạng D2', N'Cấp cho người lái xe ô tô chở người trên 16 chỗ (không kể chỗ của người lái xe) đến 29 chỗ (không kể chỗ của người lái xe); các loại xe ô tô chở người quy định cho giấy phép lái xe hạng D2 kéo rơ moóc có khối lượng toàn bộ theo thiết kế đến 750 kg; và các loại xe quy định cho giấy phép lái xe các hạng B, C1, C, D1.', 41, 1560, 45, 24, NULL, N'Đủ sức khỏe theo quy định Thông tư liên tịch 24/2015/TTLT-BYT-BGTVT', 16000000, NULL),
(N'D1', N'Hạng D1', N'Cấp cho người lái xe ô tô chở người đến 16 chỗ (kể cả chỗ của người lái xe); ô tô chở người hạng D1 kéo rơ moóc có khối lượng toàn bộ đến 750 kg; và các loại xe quy định cho giấy phép lái xe hạng B, C1, C.', 41, 1560, 45, 24, NULL, N'Đủ sức khỏe theo quy định Thông tư liên tịch 24/2015/TTLT-BYT-BGTVT', 15500000, NULL),
(N'D', N'Hạng D', N'Cấp cho người lái xe ô tô chở người trên 29 chỗ (kể cả xe buýt) và xe ô tô chở người giường nằm; được kéo rơ moóc có khối lượng toàn bộ đến 750 kg; và các loại xe quy định cho giấy phép lái xe hạng B, C1, C, D1, D2.', 41, 1560, 45, 27, NULL, N'Đủ sức khỏe theo quy định Thông tư liên tịch 24/2015/TTLT-BYT-BGTVT', 17000000, NULL),
(N'BE', N'Hạng BE', N'Cấp cho người lái xe ô tô quy định cho giấy phép lái xe hạng B kéo rơ moóc có khối lượng toàn bộ theo thiết kế trên 750 kg.', 41, 1560, 45, 18, NULL, N'Đủ sức khỏe theo quy định Thông tư liên tịch 24/2015/TTLT-BYT-BGTVT', 6000000, NULL),
(N'C1E', N'Hạng C1E', N'Cấp cho người lái xe ô tô quy định cho giấy phép lái xe hạng C1 kéo rơ moóc có khối lượng toàn bộ theo thiết kế trên 750 kg.', 41, 1560, 45, 21, NULL, N'Đủ sức khỏe theo quy định Thông tư liên tịch 24/2015/TTLT-BYT-BGTVT', 7000000, NULL),
(N'CE', N'Hạng CE', N'Cấp cho người lái xe ô tô quy định cho giấy phép lái xe hạng C kéo rơ moóc có khối lượng toàn bộ theo thiết kế trên 750 kg; xe ô tô đầu kéo kéo sơ-mi rơ-moóc.', 41, 1560, 45, 21, NULL, N'Đủ sức khỏe theo quy định Thông tư liên tịch 24/2015/TTLT-BYT-BGTVT', 7500000, NULL),
 (N'D1E', N'Hạng D1E', N'Cấp cho người lái xe ô tô quy định cho giấy phép lái xe hạng D1 kéo rơ moóc có khối lượng toàn bộ theo thiết kế trên 750 kg.', 41, 1560, 45, 24, NULL, N'Đủ sức khỏe theo quy định Thông tư liên tịch 24/2015/TTLT-BYT-BGTVT', 8000000, NULL),
(N'D2E', N'Hạng D2E', N'Cấp cho người lái xe ô tô quy định cho giấy phép lái xe hạng D2 kéo rơ moóc có khối lượng toàn bộ theo thiết kế trên 750 kg.', 41, 1560, 45, 24, NULL, N'Đủ sức khỏe theo quy định Thông tư liên tịch 24/2015/TTLT-BYT-BGTVT', 8500000, NULL),
(N'DE', N'Hạng DE', N'Cấp cho người lái xe ô tô quy định cho giấy phép lái xe hạng D kéo rơ moóc; xe ô tô chở khách nối toa.', 41, 1560, 45, 27, NULL, N'Đủ sức khỏe theo quy định Thông tư liên tịch 24/2015/TTLT-BYT-BGTVT', 9000000, NULL);
GO

INSERT INTO ttGiaoVien (chuyenMon, chuyenDaoTao, ngayBatDauLam, userId) VALUES
(N'Giáo viên thực hành đường trường',      N'["A1","A","B"]',         '2016-03-15', (SELECT userId FROM [user] WHERE username = 'nguyen.van.dung')),
(N'Giáo viên lý thuyết và mẹo thi',        N'["A1","B1","B"]',        '2018-07-22', (SELECT userId FROM [user] WHERE username = 'tran.thi.kim.anh')),
(N'Giáo viên thực hành sa hình',           N'["B","C","C1"]',         '2015-11-09', (SELECT userId FROM [user] WHERE username = 'pham.hoang.nam')),
(N'Giáo viên thực hành tổng hợp',          N'["A","B","C1"]',         '2017-05-30', (SELECT userId FROM [user] WHERE username = 'le.thanh.long')),
(N'Giáo viên đường trường xe tải',         N'["C","C1","CE"]',        '2014-01-18', (SELECT userId FROM [user] WHERE username = 'hoang.minh.hoang')),
(N'Giáo viên lý thuyết giao thông',        N'["A1","B1","B"]',        '2019-09-10', (SELECT userId FROM [user] WHERE username = 'vu.thu.trang')),
(N'Giáo viên mô phỏng thi sát hạch',       N'["B","C","D1"]',         '2020-04-27', (SELECT userId FROM [user] WHERE username = 'ngo.quoc.khanh')),
(N'Giáo viên sa hình và mô phỏng',         N'["A","B","C"]',          '2017-12-03', (SELECT userId FROM [user] WHERE username = 'bui.thanh.tam')),
(N'Giáo viên thực hành đường trường',      N'["B","C","D"]',          '2016-08-14', (SELECT userId FROM [user] WHERE username = 'do.tien.phat')),
(N'Giáo viên lý thuyết và xử lý tình huống', N'["A1","A","B"]',       '2018-02-25', (SELECT userId FROM [user] WHERE username = 'nguyen.thi.hong'));
GO

INSERT INTO phanHoi (noiDung, userId, soSao) VALUES
(N'Giáo viên hướng dẫn rất tận tình, đặc biệt là phần sa hình. Cảm ơn trung tâm đã hỗ trợ trong quá trình học.', (SELECT userId FROM [user] WHERE username = 'nguyen.minh.anh'), 5.0),
(N'Khóa học lý thuyết dễ hiểu, tài liệu đầy đủ và cập nhật. Mình đã nắm rõ hơn các quy tắc giao thông.', (SELECT userId FROM [user] WHERE username = 'tran.quoc.bao'), 4.0),
(N'Mình thấy phần thực hành đường trường được bố trí khá hợp lý, giúp làm quen nhanh với xe.', (SELECT userId FROM [user] WHERE username = 'le.thu.ha'), 4.5),
(N'Ban đầu hơi lo lắng, nhưng giáo viên rất kiên nhẫn và giải thích rõ ràng từng thao tác.', (SELECT userId FROM [user] WHERE username = 'pham.gia.huy'), 5.0),
(N'Cơ sở vật chất tốt, xe tập lái mới và chạy ổn định. Mình rất hài lòng.', (SELECT userId FROM [user] WHERE username = 'hoang.anh.tuan'), 5.0),
(N'Bài giảng lý thuyết được hệ thống rõ ràng, dễ ghi nhớ và áp dụng khi làm bài thi thử.', (SELECT userId FROM [user] WHERE username = 'do.thi.lan'), 5.0),
(N'Phần mô phỏng tình huống giao thông ban đầu hơi khó nhưng giáo viên hướng dẫn rất rõ ràng.', (SELECT userId FROM [user] WHERE username = 'vo.nhat.quang'), 4.5),
(N'Lịch học được sắp xếp linh hoạt, phù hợp với sinh viên và người đi làm.', (SELECT userId FROM [user] WHERE username = 'bui.khanh.ly'), 5.0),
(N'Mình thi thử nhiều lần trên hệ thống và cảm thấy tự tin hơn trước khi vào thi thật.', (SELECT userId FROM [user] WHERE username = 'phan.thanh.tung'), 4.5),
(N'Trung tâm hỗ trợ hồ sơ rất nhanh, tiết kiệm thời gian. Mình đánh giá cao phần này.', (SELECT userId FROM [user] WHERE username = 'ngo.mai.phuong'), 4.0);
GO

-- Học viên Nguyễn Minh Anh ↔ Giáo viên Nguyễn Văn Dũng
INSERT INTO conversations (userId, userId2)
VALUES
((SELECT userId FROM [user] WHERE username = 'nguyen.minh.anh'),
 (SELECT userId FROM [user] WHERE username = 'nguyen.van.dung'));

-- Học viên Lê Thu Hà ↔ Giáo viên Vũ Thu Trang
INSERT INTO conversations (userId, userId2)
VALUES
((SELECT userId FROM [user] WHERE username = 'le.thu.ha'),
 (SELECT userId FROM [user] WHERE username = 'vu.thu.trang'));

-- Học viên Nguyễn Minh Anh ↔ Admin
INSERT INTO conversations (userId, userId2)
VALUES
((SELECT userId FROM [user] WHERE username = 'nguyen.minh.anh'),
 (SELECT userId FROM [user] WHERE username = 'admin.master'));
GO
-- Cuộc trò chuyện 1: Học viên hỏi lịch học thực hành
INSERT INTO messages (conversationsId, userId, messageText, isRead)
VALUES
(1, (SELECT userId FROM [user] WHERE username = 'nguyen.minh.anh'), N'Thầy ơi tuần này mình có lịch học thực hành không ạ?', 0),
(1, (SELECT userId FROM [user] WHERE username = 'nguyen.van.dung'), N'Có em nhé. Chiều thứ 5 tập sa hình, sáng thứ 7 tập đường trường.', 0),
(1, (SELECT userId FROM [user] WHERE username = 'nguyen.minh.anh'), N'Dạ em cảm ơn thầy ạ.', 1);

-- Cuộc trò chuyện 2: Học viên hỏi cách học lý thuyết hiệu quả
INSERT INTO messages (conversationsId, userId, messageText, isRead)
VALUES
(2, (SELECT userId FROM [user] WHERE username = 'le.thu.ha'), N'Chị ơi phần biển báo em hơi khó nhớ, có cách nào học nhanh không ạ?', 0),
(2, (SELECT userId FROM [user] WHERE username = 'vu.thu.trang'), N'Em chia nhóm biển báo theo màu sắc và hình dạng, sẽ dễ nhớ hơn nha.', 0),
(2, (SELECT userId FROM [user] WHERE username = 'le.thu.ha'), N'Dạ để em thử áp dụng ạ.', 1);

-- Cuộc trò chuyện 3: Học viên hỏi admin về lịch thi sát hạch
INSERT INTO messages (conversationsId, userId, messageText, isRead)
VALUES
(3, (SELECT userId FROM [user] WHERE username = 'nguyen.minh.anh'), N'Admin cho em hỏi khi nào có lịch thi sát hạch ạ?', 0),
(3, (SELECT userId FROM [user] WHERE username = 'admin.master'), N'Dự kiến đầu tháng sau nhé, khi có lịch chính thức trung tâm sẽ thông báo trên hệ thống.', 0),
(3, (SELECT userId FROM [user] WHERE username = 'nguyen.minh.anh'), N'Dạ vâng, em cảm ơn.', 1);
GO
INSERT INTO websocketConnections (userId, clientInfo, isOnline)
VALUES
((SELECT userId FROM [user] WHERE username = 'nguyen.minh.anh'), N'Chrome - Windows', 0),
((SELECT userId FROM [user] WHERE username = 'nguyen.van.dung'), N'Mobile App - Android', 0),
((SELECT userId FROM [user] WHERE username = 'admin.master'), N'Chrome - MacOS', 0);
GO

INSERT INTO dbo.BienBao(TenBienBao, YNghia, HinhAnh) VALUES
-- 001
(N'Đường cấm',
 N'P.101: Cấm tất cả các phương tiện đi vào đường có gắn biển báo này, ngoại trừ xe ưu tiên theo quy đi.nh (cấm cả 2 chiều)',
 N'wwwroot/images/sign/001.jpg'),
-- 002
(N'Cấm đi ngược chiều',
 N'P.102: Cấm tất cả các loại phương tiện tham gia giao thông đi vào theo chiều đặt biển.',
 N'wwwroot/images/sign/002.jpg'),
-- 003
(N'Cấm ô tô',
 N'P.103a: Cấm tất cả các loại xe cơ giới kể cả mô tô 3 bánh có thùng đi qua, trừ xe mô tô 2 bánh, xe gắn máy (kể cả xe máy điện) và các xe được ưu tiên theo Luật Giao thông đường bộ.',
 N'wwwroot/images/sign/003.jpg'),
-- 004
(N'Cấm ô tô rẽ phải',
 N'P.103b: Cấm xe ô tô rẽ phải (kể cả xe mô tô ba bánh), trừ các xe được ưu tiên theo Luật Giao thông đường bộ.',
 N'wwwroot/images/sign/004.jpg'),
-- 005
(N'Cấm ô tô rẽ trái',
 N'P.103c: Cấm xe ô tô rẽ trái (kể cả xe mô tô ba bánh), trừ các xe được ưu tiên theo Luật Giao thông đường bộ.',
 N'wwwroot/images/sign/005.jpg'),
-- 006
(N'Cấm mô tô',
 N'P.104: Cấm tất cả các loại mô tô đi qua, trừ các loại xe mô tô được ưu tiên theo Luật Giao thông đường bộ.',
 N'wwwroot/images/sign/006.jpg'),
-- 007
(N'Cấm ô tô và mô tô',
 N'P.105: Cấm tất cả xe cơ giới và xe mô tô đi qua trừ xe gắn máy(xe<55cc) và xe được ưu tiên theo Luật Giao thông đường bộ.',
 N'wwwroot/images/sign/007.jpg'),
-- 008
(N'Cấm ô tô tải',
 N'P.106a: Cấm tất cả các loại xe ô tô tải trừ các xe được ưu tiên theo Luật Giao thông đường bộ, hiệu lư.c cấm đối với cả máy kéo và xe máy chuyên dùng.',
 N'wwwroot/images/sign/008.jpg'),
-- 009
(N'Cấm ô tô tải chở hàng nguy hiểm',
 N'P.106c: Cấm tất cả các loại xe ô tô tải chở hàng nguy hiểm.',
 N'wwwroot/images/sign/009.jpg'),
-- 010
(N'Cấm ô tô khách và ô tô tải',
 N'CP.107: Cấm xe ô tô khách và các loại xe ô tô tải, kể cả máy kéo và xe máy chuyên dùng đi qua, trừ các xe được ưu tiên theo Luật Giao thông đường bộ.',
 N'wwwroot/images/sign/010.jpg'),
-- 011
(N'Cấm ô tô khách',
 N'P.107a: Cấm ôtô chở khách đi qua trừ các xe ưu tiên theo quy định. Biển này không cấm xe buýt.',
 N'wwwroot/images/sign/011.jpg'),
-- 012
(N'Cấm xe taxi',
 N'P.107b: Cấm ôtô taxi đi lại. Trường hợp cấm xe ôtô taxi theo giờ thì đặt biển phu. Ghi giờ cấm.',
 N'wwwroot/images/sign/012.jpg'),
-- 013
(N'13.	Cấm ôtô kéo rơ moóc',
 N'P.108: Cấm tất cả các loại xe cơ giới kéo theo rơ moóc kể cả xe mô tô, máy kéo, x e ô tô khách kéo theo rơ moóc đi qua, trừ loại xe ô tô sơ mi rơ moóc và các xe được ưu tiên theo Luật Giao thông đường bộ (có kéo theo rơ moóc).',
 N'wwwroot/images/sign/013.jpg'),
-- 014
(N'Cấm xe sơ-mi rơ-moóc',
 N'P.108a: Cấm các loại xe sơ-mi rơ-moóc và các xe kéo rơ- moóc trừ các xe được ưu tiên (có dạng xe sơ-mi-rơ-moóc hoặc có kéo theo rơ-moóc) theo quy định.',
 N'wwwroot/images/sign/014.jpg'),
-- 015
(N'Cấm máy kéo',
 N'P.109: Cấm tất cả các loại máy kéo, kể cả máy kéo bánh hơi và bánh xích đi qua.',
 N'wwwroot/images/sign/015.jpg'),
-- 016
(N'Cấm xe đạp',
 N'P.110a: Cấm xe đạp đi qua. Biển không có giá trị cấm những người dắt xe đạp',
 N'wwwroot/images/sign/016.jpg'),
-- 017
(N'Cấm xe đạp thồ',
 N'P.110b: Cấm xe đạp thồ đi qua. Biển không có giá trị cấm người dắt loại xe này',
 N'wwwroot/images/sign/017.jpg'),
-- 018
(N'Cấm xe gắn máy',
 N'P.111a: Cấm xe gắn máy đi qua. Biển không có giá trị cấm đối với xe đạp.',
 N'wwwroot/images/sign/018.jpg'),
-- 019
(N'Cấm người đi bộ',
 N'P.112: Cấm người đi bộ qua lại.',
 N'wwwroot/images/sign/019.jpg'),
-- 020
(N'Cấm xe người kéo, đẩy',
 N'P.113: Cấm xe người kéo, đẩy đi qua. Biển không có giá trị cấm những xe nôi của trẻ em và phương tiện chuyên dùng để đi lại của những người khuyết tật.',
 N'wwwroot/images/sign/020.jpg'),
-- 021
(N'Cấm xe súc vật kéo',
 N'P.114: Cấm súc vật vận tải hàng hóa hoặc hành khách dù kéo xe hay chở trên lưng đi qua',
 N'wwwroot/images/sign/021.jpg'),
-- 022
(N'Hạn chế trọng lượng x',
 N'P.115: Cấm các loại phương tiện giao thông đường bộ kể cả các xe được ưu tiên theo Luật Giao thông đường bộ có trọng lượng toàn bộ (cả xe và hàng) vượt quá trị số ghi trên biển tính bằng tấn đi qua',
 N'wwwroot/images/sign/022.jpg'),
-- 023
(N'Hạn chế trọng lượng trên trục',
 N'P.116: Cấm các loại phương tiện giao thông đường bộ, kể cả các xe được ưu tiên theo Luật Giao thông đường bộ có trọng lượng toàn bộ (cả xe và hàng) phân bố trên một trục bất kỳ của xe vượt quá trị số ghi trên biển tính bằng tấn đi qua.',
 N'wwwroot/images/sign/023.jpg'),
-- 024
(N'Cấm ô tô tải theo trọng lượng',
 N'P.106b: Cấm xe tải có khối lượng chuyên chở lớn hơn giá trị ghi trong biển báo đi vào.',
 N'wwwroot/images/sign/024.jpg'),
-- 025
(N'Hạn chế chiều cao',
 N'P.117: Cấm các loại phương tiện giao thông đường bộ đi qua, kể cả các xe được ưu tiên theo Luật Giao thông đường bộ có chiều cao (tính đến điểm cao nhất cả xe và hàng hóa) vượt quá trị số ghi trên biển tính bằng mét đi qua.',
 N'wwwroot/images/sign/025.jpg'),
-- 026
(N'Hạn chế chiều ngang',
 N'P.118: Cấm các loại phương tiện giao thông đường bộ kể cả các xe được ưu tiên theo Luật Giao thông đường bộ có chiều ngang (cả xe và hàng hóa) vượt quá trị số ghi trên Biển tính bằng mét đi qua.',
 N'wwwroot/images/sign/026.jpg'),
-- 027
(N'Hạn chế chiều dài ô tô',
 N'P.119: Cấm các loại xe (cơ giới và thô sơ), kể cả các xe được ưu tiên theo Luật Giao thông đường bộ, có độ dài toàn bộ (cả xe và hàng) vượt quá trị số ghi trên biển tính bằng mét đi qua.',
 N'wwwroot/images/sign/027.jpg'),
-- 028
(N'Hạn chế chiều dài ô tô kéo moóc',
 N'P.120: Cấm các loại phương tiện giao thông đường bộ kéo theo rơ moóc kể cả ô t ô sơ mi rơ moóc và các xe được ưu tiên theo Luật Giao thông đường bộ kéo theo rơ moóc có độ dài toàn bộ (cả xe, rơ moóc và hàng) vượt quá trị số ghi trên biển đi qua.',
 N'wwwroot/images/sign/028.jpg'),
-- 029
(N'Cự ly tối thiểu giữa 2 xe',
 N'P.121: Biển báo xe ô tô phải đi cách nhau một khoảng tối thiểu. Biển có hiệu lực cấm các xe ô tô không được đi cách nhau với cự ly nhỏ hơn trị số ghi trên biển tính bằng mét, kể cả các xe được ưu tiên theo Luật Giao thông đường bộ.',
 N'wwwroot/images/sign/029.jpg'),
-- 030
(N'Cấm rẽ trái',
 N'P.123a: Biển báo đường cấm các loaị phương tiện giao thông đường bộ (xe cơ giới và xe thô sơ) rẽ trái, trừ các xe được ưu tiên theo Luật Giao thông đường bộ. Biển không có giá trị cấm quay đầu xe.',
 N'wwwroot/images/sign/030.jpg'),
-- 031
(N'Cấm rẽ phải',
 N'P.123b: Biển báo đường cấm các loại phương tiện giao thông đường bộ (xe cơ giới và xe thô sơ) rẽ phải, trừ các xe được ưu tiên theo Luật Giao thông đường bộ. Biển không có giá trị cấm quay đầu xe.',
 N'wwwroot/images/sign/031.jpg'),
-- 032
(N'Cấm quay đầu xe ',
 N'P.124a: Cấm các loại phương tiện giao thông đường bộ quay đầu xe theo kiểu chữ U, trừ các xe được ưu tiên theo Luật Giao thông đường bộ. Biển không có giá trị cấm rẽ trái để sang hướng đường khác.',
 N'wwwroot/images/sign/032.jpg'),
-- 033
(N'Cấm ô tô quay đầu',
 N'P.124b: Cấm xe ô tô và xe mô tô 3 bánh quay đầu xe theo kiểu chữ U, trừ các xe được ưu tiên theo Luật Giao thông đường bộ',
 N'wwwroot/images/sign/033.jpg'),
-- 034
(N'Cấm rẽ trái và quay đầu xe',
 N'P.124c: Cấm các loại xe rẽ trái đồng thời cấm quay đầu, trừ các xe được ưu tiên theo Luật Giao thông đường bộ',
 N'wwwroot/images/sign/034.jpg'),
-- 035
(N'Cấm rẽ phải và quay đầu xe',
 N'P.124d: Biển báo cấm các loại xe rẽ phải đồng thời cấm quay đầu, trừ các xe được ưu tiên theo Luật Giao thông đường bộ',
 N'wwwroot/images/sign/035.jpg'),
-- 036
(N'Cấm ô tô rẽ trái và quay xe',
 N'P.124e: Cấm xe ôtô rẽ trái và đồng thời cấm quay đầu phải, trừ các xe được ưu tiên theo Luật Giao thông đường bộ',
 N'wwwroot/images/sign/036.jpg'),
-- 037
(N'Cấm ô tô rẽ phải và quay xe',
 N'P.124f: Cấm xe ôtô rẽ phải và đồng thời cấm quay đầu phải, trừ các xe được ưu tiên theo Luật Giao thông đường bộ',
 N'wwwroot/images/sign/037.jpg'),
-- 038
(N'Cấm vượt',
 N'P.125: Cấm tất cả các loại xe cơ giới vượt nhau, kể cả các xe được ưu tiên theo Luật Giao thông đường bộ. Được phép vượt xe mô tô 2 bánh, xe gắn máy. Biển hết hiệu lực cấm khi có biển số DP.133 "Hết cấm vượt" hoặc đến chỗ có biển số DP.135 "Hết tất cả các lệnh cấm" nếu đồng thời có nhiều biển cấm khác hết tác dụng.',
 N'wwwroot/images/sign/038.jpg'),
-- 039
(N'Cấm ô tô tải vượt',
 N'P.126: Biển có hiệu lực cấm các loại ô tô tải có khối lượng chuyên chở (theo Giấy chứng nhận kiểm định an toàn kỹ thuật và bảo vệ môi trường phương tiện giao thông cơ giới đường bộ) lớn hơn 3.500 kg (3,5 tấn) kể cả các xe được ưu tiên theo quy định vượt xe cơ giới khác. Được phép vượt xe máy 2 bánh, xe gắn máy. Biển không có giá trị cấm các loại xe cơ giới khác vượt nhau và vượt xe ô tô tải.',
 N'wwwroot/images/sign/039.jpg'),
-- 040
(N'Tốc độ tối đa cho phép về ban đêm',
 N'P.127a: Cấm tất cả các loại xe cơ giới đường bộ chạy ban đêm với tốc độ tối đa vượt quá trị số ghi trên biển (tính bằng km/h), trừ một số trường hợp ưu tiên được quy định.',
 N'wwwroot/images/sign/040.jpg'),
-- 041
(N'Tốc độ tối đa trên từng làn đường',
 N'P.127b: Biển ghép tốc độ tối đa cho phép trên từng làn đường.',
 N'wwwroot/images/sign/041.jpg'),
-- 042
(N'Cấm đỗ xe',
 N'P.131a: Cấm các loại xe cơ giới đỗ ở phía đường có đặt biển vào bất kể ngày nào.',
 N'wwwroot/images/sign/042.jpg'),
-- 043
(N'Tốc độ tối đa phương tiện trên từng làn đường',
 N'P.127c: Biển ghép tốc độ tối đa cho phép theo phương tiện, trên từng làn đường.',
 N'wwwroot/images/sign/043.jpg'),
-- 044
(N'Hết hạn chế tốc độ tối đa',
 N'P.127d: Biển hết hạn chế tốc độ tối đa cho phép theo biển ghép.',
 N'wwwroot/images/sign/044.jpg'),
-- 045
(N'Cấm bóp còi',
 N'P.128: Biển báo cấm các loại xe cơ giới sử dụng còi.',
 N'wwwroot/images/sign/045.jpg'),
-- 046
(N'Kiểm tra',
 N'P.129: Biển báo nơi đặt trạm kiểm tra, các loại phương tiện vận tải qua đó phải dừng lại để làm thủ tục kiểm tra, kiểm soát theo quy định.',
 N'wwwroot/images/sign/046.jpg'),
-- 047
(N'Cấm đỗ xe ngày lễ',
 N'P.131b: Cấm các loại xe cơ giới đỗ ở phía đường có đặt biển vào những ngày lễ.',
 N'wwwroot/images/sign/047.jpg'),
-- 048
(N'Cấm đỗ xe ngày chẵn',
 N'P.131c: Biển có hiệu lực cấm các loại xe cơ giới đỗ ở phía đường có đặt biển vào những ngày chẵn.',
 N'wwwroot/images/sign/048.jpg'),
-- 049
(N'Nhường cho xe ngược chiều qua đường hẹp',
 N'P.132: Biển báo cho các loại phương tiện giao thông đường bộ (cơ giới và thô sơ), kể cả các xe được ưu tiên theo Luật Giao thông đường bộ đi theo chiều nhìn thấy biển phải nhường đường cho các loại xe cơ giới đi theo chiều ngược lại khi đi qua các đoạn đường và cầu hẹp.',
 N'wwwroot/images/sign/049.jpg'),
-- 050
(N'Hết cấm vượt',
 N'DP.133: Biển báo cho người lái xe biết hiệu lực của biển số P.125 "Cấm vượt" và biển số P.126 "Cấm ô tô tải vượt" hết tác dụng.',
 N'wwwroot/images/sign/050.jpg'),
-- 051
(N'Hết hạn chế tốc độ tối đa',
 N'DP.134: Biển báo cho người lái xe biết hiệu lực của biển số P.127 "Hạn chế tốc độ tối đa" hết tác dụng. Kể từ biển này, các xe được phép chạy với tốc độ tối đa đã quy định trong Luật Giao thông đường bộ.',
 N'wwwroot/images/sign/051.jpg'),
-- 052
(N'Hết tất cả các lệnh cấm',
 N'DP.135: Biển báo cho người lái xe biết hiệu lực của biển số P.121 "Cự ly tối thiểu giữa hai xe" và các biển từ biển số P.125 đến P.131 (a, b, c) được đặt trước đó cùng hết tác dụng.',
 N'wwwroot/images/sign/052.jpg'),
-- 053
(N'Cấm đi thẳng',
 N'P.136: Biển được đặt trước nơi đường giao nhau và có hiệu lực cấm tất cả các loại phương tiện giao thông đường bộ (cơ giới và thô sơ) đi thẳng ở nơi đường giao nhau.',
 N'wwwroot/images/sign/053.jpg'),
-- 054
(N'Cấm rẽ trái và rẽ phải',
 N'P.137: Biển được đặt trước nơi đường giao nhau và có hiệu lực cấm tất cả các loại phương tiện giao thông đường bộ (cơ giới và thô sơ) rẽ trái và rẽ phải ở nơi đường giao nhau.',
 N'wwwroot/images/sign/054.jpg'),
-- 055
(N'Cấm đi thẳng và rẽ trái',
 N'P.138: Biển được đặt trước nơi đường giao nhau và có hiệu lực cấm tất cả các loại phương tiện giao thông đường bộ (cơ giới và thô sơ) đi thẳng và rẽ trái ở nơi đường giao nhau.',
 N'wwwroot/images/sign/055.jpg'),
-- 056
(N'Cấm đi thẳng và rẽ phải',
 N'P.139: Biển được đặt trước nơi đường giao nhau và có hiệu lực cấm tất cả các loại phương tiện giao thông đường bộ (cơ giới và thô sơ) đi thẳng và rẽ phải ở nơi đường giao nhau.',
 N'wwwroot/images/sign/056.jpg'),
 -- 057
(N'Cấm xe công nông và các loại xe tương tự',
 N'P.140: Biển báo đường cấm tất cả các loại xe công nông và các loại xe tương tự đi qua.',
 N'wwwroot/images/sign/057.jpg'),
 -- 058
(N'Biển cấm theo giờ',
 N'S.508a: Khi cần báo hiệu cấm các loại phương tiện giao thông đường bộ theo giờ trong thành phố, thị xã phải đặt biển phụ số S.508(a,b) dưới biển cấm và có chú thích bằng tiếng Việt, phụ đề tiếng Anh trong biển.',
 N'wwwroot/images/sign/058.jpg'),
-- 059
(N'Biển cấm theo giờ',
 N'S.508b: Khi cần báo hiệu cấm các loại phương tiện giao thông đường bộ theo giờ trong thành phố, thị xã phải đặt biển phụ số S.508(a,b) dưới biển cấm và có chú thích bằng tiếng Việt, phụ đề tiếng Anh trong biển.',
 N'wwwroot/images/sign/059.jpg'),
-- 060
(N'Cấm dừng và đỗ xe',
 N'P.130: Cấm các loại xe cơ giới đường bộ dừng và đỗ lại ở phía đường có đặt biển.',
 N'wwwroot/images/sign/060.jpg'),
-- 061
(N'Chỗ ngoặt nguy hiểm bên trái',
 N'W.201a: Sắp đến chỗ ngoặt nguy hiểm bên trái.',
 N'wwwroot/images/sign/061.jpg'),
-- 062
(N'Chỗ ngoặt nguy hiểm bên phải',
 N'W.201b: Sắp đến chỗ ngoặt nguy hiểm bên phải.',
 N'wwwroot/images/sign/062.jpg'),
-- 063
(N'Chỗ ngoặt nguy hiểm có nguy cơ lật bên phải',
 N'W.201c: Chỗ ngoặt nguy hiểm có nguy cơ lật xe bên phải khi đường cong vòng sang trái.',
 N'wwwroot/images/sign/063.jpg'),
-- 064
(N'Chỗ ngoặt nguy hiểm có nguy cơ lật bên trái',
 N'W.201d: Chỗ ngoặt nguy hiểm có nguy cơ lật xe bên trái khi đường cong vòng bên phải.',
 N'wwwroot/images/sign/064.jpg'),
 -- 065
(N'Nhiều chỗ ngoặt nguy hiểm liên tiếp',
 N'W.202b: Sắp đến đoạn đường ngoặt liên tiếp (có từ 3 đoạn cong ngược chiều nhau) rất nguy hiểm, người lái xe cần giảm tốc độ.',
 N'wwwroot/images/sign/065.jpg'),
-- 066
(N'Đường bị hẹp cả 2 bên',
 N'W.203a: Sắp đến chỗ một đoạn đường bị hẹp đột ngột cả hai bên.',
 N'wwwroot/images/sign/066.jpg'),
-- 067
(N'Đường bị hẹp bên trái',
 N'W.203b: Sắp đến chỗ một đoạn đường bị hẹp đột ngột bên trái.',
 N'wwwroot/images/sign/067.jpg'),
-- 068
(N'Đường bị hẹp bên phải',
 N'W.203c: Sắp đến chỗ một đoạn đường bị hẹp đột ngột bên phải.',
 N'wwwroot/images/sign/068.jpg'),
-- 069
(N'Đường 2 chiều',
 N'W.204: Sắp đến đoạn đường chỉ có một làn đường mà tạm thời (đường do sửa chữa hoặc có trở ngại ở một phía đường mà phải tổ chức đi lại cho phương tiện cả hai chiều trên phần đường còn lại) hay thường xuyên các chiều xe đi và về vẫn phải dùng chung. Khi qua đoạn đường này, lái xe cần thận trọng với xe phía chiều ngược lại.',
 N'wwwroot/images/sign/069.jpg'),
-- 070
(N'Nơi giao nhau của đường đồng cấp',
 N'W.205a: Sắp đến nơi giao nhau của các tuyến đường cùng cấp (không có đường nào ưu tiên) trên cùng một mặt bằng.',
 N'wwwroot/images/sign/070.jpg'),
-- 071
(N'Nơi giao nhau của đường đồng cấp',
 N'W.205b: Sắp đến nơi giao nhau của các tuyến đường cùng cấp (không có đường nào ưu tiên) trên cùng một mặt bằng.',
 N'wwwroot/images/sign/071.jpg'),
-- 072
(N'Nơi giao nhau của đường đồng cấp',
 N'W.205c: Sắp đến nơi giao nhau của các tuyến đường cùng cấp (không có đường nào ưu tiên) trên cùng một mặt bằng.',
 N'wwwroot/images/sign/072.jpg'),
-- 073
(N'Nơi giao nhau của đường đồng cấp',
 N'W.205d: Sắp đến nơi giao nhau của các tuyến đường cùng cấp (không có đường nào ưu tiên) trên cùng một mặt bằng.',
 N'wwwroot/images/sign/073.jpg'),
-- 074
(N'Nơi giao nhau của đường đồng cấp',
 N'W.205e: Sắp đến nơi giao nhau của các tuyến đường cùng cấp (không có đường nào ưu tiên) trên cùng một mặt bằng.',
 N'wwwroot/images/sign/074.jpg'),
-- 075
(N'Giao nhau chạy theo vòng xuyến',
 N'W.206: Nơi giao nhau có bố trí đảo an toàn ở giữa điểm giao, các loại xe qua điểm giao vòng trái phải đi vòng xuyến qua đảo an toàn.',
 N'wwwroot/images/sign/075.jpg'),
-- 076
(N'Giao nhau với đường không ưu tiên',
 N'W.207a: Biển báo hiệu đường ưu tiên sắp đến nơi giao nhau với đường không ưu tiên.',
 N'wwwroot/images/sign/076.jpg'),
-- 077
(N'Giao nhau với đường không ưu tiên',
 N'W.207b: Biển báo hiệu đường ưu tiên sắp đến nơi giao nhau với đường không ưu tiên.',
 N'wwwroot/images/sign/077.jpg'),
-- 078
(N'Giao nhau với đường không ưu tiên',
 N'W.207c: Biển báo hiệu đường ưu tiên sắp đến nơi giao nhau với đường không ưu tiên.',
 N'wwwroot/images/sign/078.jpg'),
-- 079
(N'Giao nhau với đường không ưu tiên',
 N'W.207d: Biển báo hiệu đường ưu tiên sắp đến nơi giao nhau với đường không ưu tiên.',
 N'wwwroot/images/sign/079.jpg'),
-- 080
(N'Giao nhau với đường không ưu tiên',
 N'W.207f: Biển báo hiệu đường ưu tiên sắp đến nơi giao nhau với đường không ưu tiên.',
 N'wwwroot/images/sign/080.jpg'),
-- 081
(N'Giao nhau với đường không ưu tiên',
 N'W.207h: Biển báo hiệu đường ưu tiên sắp đến nơi giao nhau với đường không ưu tiên.',
 N'wwwroot/images/sign/081.jpg'),
-- 082
(N'Giao nhau với đường không ưu tiên',
 N'W.207i: Biển báo hiệu đường ưu tiên sắp đến nơi giao nhau với đường không ưu tiên.',
 N'wwwroot/images/sign/082.jpg'),
-- 083
(N'Giao nhau với đường không ưu tiên',
 N'W.207k: Biển báo hiệu đường ưu tiên sắp đến nơi giao nhau với đường không ưu tiên.',
 N'wwwroot/images/sign/083.jpg'),
-- 084
(N'Giao nhau với đường không ưu tiên',
 N'W.207l: Biển báo hiệu đường ưu tiên sắp đến nơi giao nhau với đường không ưu tiên.',
 N'wwwroot/images/sign/084.jpg'),
-- 085
(N'Giao nhau với đường ưu tiên',
 N'W.208: Biển báo hiệu đường không được ưu tiên sắp đến nơi giao nhau với đường ưu tiên (biển được đặt trên đường không ưu tiên). Các xe đi trên đường có đặt biển này phải nhường cho xe đi trên đường ưu tiên khi qua nơi giao nhau, trừ các loại xe được ưu tiên theo Luật Giao thông đường bộ.',
 N'wwwroot/images/sign/085.jpg'),
-- 086
(N'Giao nhau có tín hiệu đèn',
 N'W.209: Biển báo hiệu nơi giao nhau có sự điều khiển giao thông bằng tín hiệu đèn.',
 N'wwwroot/images/sign/086.jpg'),
-- 087
(N'Giao nhau với đường sắt có rào chắn',
 N'W.210: Biển báo hiệu sắp đến chỗ giao nhau giữa đường bộ và đường sắt có rào chắn kín hay nửa kín ở cả hai bên đường sắt và có nhân viên ngành đường sắt điều khiển giao thông.',
 N'wwwroot/images/sign/087.jpg'),
-- 088
(N'Giao nhau với đường sắt không có rào chắn',
 N'W.211a: Biển báo hiệu sắp đến chỗ giao nhau giữa đường bộ và đường sắt hoặc đường bộ và đường sắt có từng đoạn đi chung với nhau không có rào chắn, không có người điều khiển giao thông.',
 N'wwwroot/images/sign/088.jpg'),
-- 089
(N'Giao nhau với đường tàu điện',
 N'W.211b: Biển báo hiệu sắp đến chỗ giao nhau cùng mức giữa đường bộ với đường tàu điện.',
 N'wwwroot/images/sign/089.jpg'),
-- 090
(N'Cầu hẹp',
 N'W.212: Biển báo hiệu sắp đến cầu hẹp (loại cầu có chiều rộng lòng cầu nhỏ hơn hoặc bằng 4,5 m). Khi qua cầu này, lái xe phải đi chậm, quan sát, nhường nhau và dừng lại chờ ở hai đầu cầu.',
 N'wwwroot/images/sign/090.jpg'),
-- 091
(N'Cầu tạm',
 N'W.213: Biển báo hiệu sắp đến cầu tạm (loại cầu được làm để sử dụng tạm thời cho xe qua lại). Khi gặp biển này, lái xe cần thận trọng và lưu ý sau mỗi trận mưa lũ hoặc khi nước ngập nhất thiết không qua cầu.',
 N'wwwroot/images/sign/091.jpg'),
-- 092
(N'Cầu xoay - cầu cất',
 N'W.214: Biển báo hiệu sắp đến cầu xoay, cầu cất (loại cầu trong từng thời gian có cắt giao thông đường bộ để cho tàu thuyền qua lại). Các phương tiện đi trên đường bộ phải chờ đợi.',
 N'wwwroot/images/sign/092.jpg'),
-- 093
(N'Kè, vực sâu phía trước',
 N'W.215a: Biển báo hiệu sắp đến những chỗ có kè, vực sâu hoặc bờ sông áp sát đường, lái xe cần đề phòng tình huống nguy hiểm vượt kè, tụt xuống vực sâu (thường xảy ra ở những chỗ nguy hiểm).',
 N'wwwroot/images/sign/093.jpg'),
-- 094
(N'Kè, vực sâu bên đường phía bên phải',
 N'W.215b: Biển báo hiệu sắp đến những chỗ có kè, vực sâu hoặc bờ sông áp sát đường, lái xe cần đề phòng tình huống nguy hiểm vượt kè, tụt xuống vực sâu (thường xảy ra ở những chỗ nguy hiểm).',
 N'wwwroot/images/sign/094.jpg'),
-- 095
(N'Kè, vực sâu bên đường phía bên trái',
 N'W.215c: Biển báo hiệu sắp đến những chỗ có kè, vực sâu hoặc bờ sông áp sát đường, lái xe cần đề phòng tình huống nguy hiểm vượt kè, tụt xuống vực sâu (thường xảy ra ở những chỗ nguy hiểm).',
 N'wwwroot/images/sign/095.jpg'),
-- 096
(N'Đường ngầm có nguy cơ lũ quét',
 N'W.216: Biển báo hiệu sắp đến nơi có đường ngầm (đường tràn). Đường ngầm là đoạn đường vượt qua sông, suối hoặc khe cạn, nơi mà nước có thể chảy tràn qua thường xuyên hoặc khi có lũ. Người điều khiển phương tiện cần giảm tốc độ, quan sát kỹ mực nước và chỉ đi qua khi đảm bảo an toàn.',
 N'wwwroot/images/sign/096.jpg'),
-- 097
(N'Đường có gờ giảm tốc',
 N'W.221b: Cảnh báo xe đi chậm trước khi qua những điểm có gờ giảm tốc phía trước hoặc những vị trí tiếp giáp với đầu cầu, cống bị lún, vỡn.',
 N'wwwroot/images/sign/097.jpg'),
-- 098
(N'Dốc xuống nguy hiểm',
 N'W.219: Biển báo hiệu sắp đến chỗ dốc xuống nguy hiểm. Trị số ghi trong biển chỉ độ dốc thực tế tính bằng phần trăm (%).',
 N'wwwroot/images/sign/098.jpg'),
-- 099
(N'Đường ngầm có nguy cơ lũ quét',
 N'W.216b: Biển báo hiệu sắp đến chỗ có đường ngầm (đường tràn), đoạn đường vượt qua sông, suối, khe cạn thường xuyên có lũ quét.',
 N'wwwroot/images/sign/099.jpg'),
-- 100
(N'Bến phà',
 N'W.217: Biển báo hiệu sắp đến bến phà. Người tham gia giao thông đường bộ phải tuân theo nội quy bến phà.',
 N'wwwroot/images/sign/100.jpg'),
-- 101
(N'Cửa chui',
 N'W.218: Biển báo hiệu sắp đến chỗ đường có cống chui, kiểu cống tò vò chắn ngang như cống đường hầm, cống thành, cầu vượt đường bộ dạng cầu vòm.',
 N'wwwroot/images/sign/101.jpg'),
-- 102
(N'Đường ổ gà, sóng trâu',
 N'W.221a: Đường lồi lõm; báo trước đoạn đường có mặt đường không bằng phẳng, bị lồi lõm, có ổ gà; xe chạy tốc độ cao có thể mất lái.',
 N'wwwroot/images/sign/102.jpg'),
-- 103
(N'Đường trơn',
 N'W.222a: Đường trơn; báo trước đoạn đường có thể bị trơn trượt, đặc biệt vào thời tiết xấu, mưa phùn. Lái xe cần giảm tốc độ, tránh tăng ga/sang số đột ngột.',
 N'wwwroot/images/sign/103.jpg'),
-- 104
(N'Nơi đường sắt giao không vuông góc với đường bộ',
 N'W.243a: Biển báo hiệu đặt cách ray đường sắt gần nhất 50 m; cảnh báo sắp đến chỗ đường sắt giao với đường bộ theo kiểu không vuông góc.',
 N'wwwroot/images/sign/104.jpg'),
-- 105
(N'Gió ngang',
 N'W.232: Biển báo hiệu sắp đến đoạn đường thường có gió mạnh thổi ngang chiều xe chạy; người lái cần điều khiển chắc vô-lăng, giảm tốc độ và đề phòng khả năng lật hoặc mất lái.',
 N'wwwroot/images/sign/105.jpg'),
-- 106
(N'Lề đường nguy hiểm',
 N'W.222b: Biển báo hiệu sắp đến đoạn lề đường không ổn định, có thể đất đá văng ra hoặc bánh xe dễ quay tại chỗ; người lái cần tránh đi sát lề, giữ khoảng cách an toàn.',
 N'wwwroot/images/sign/106.jpg'),
-- 107
(N'Vách núi nguy hiểm',
 N'W.223a: Biển báo hiệu sắp đến đoạn đường có vách núi bên phải, dễ xảy ra đất đá rơi hoặc bị bắn ra đường; người lái nên đi chậm, tránh khu vực sát vách núi.',
 N'wwwroot/images/sign/107.jpg'),
-- 108
(N'Vách núi nguy hiểm',
 N'W.223b: Biển báo giao thông để cảnh báo đoạn đường đi sát vách núi nằm ở bên phải. Láy xe cần cẩn thận, giảm tốc độ và giữ khoảng cách an toàn với vách núi. :contentReference[oaicite:0]{index=0}',
 N'wwwroot/images/sign/108.jpg'),
-- 109
(N'Đường người đi bộ cắt ngang',
 N'W.224: Biển báo hiệu sắp đến phần đường dành cho người đi bộ sang qua đường. Gặp biển này người lái xe phải giảm tốc độ, nhường đường cho người đi bộ. :contentReference[oaicite:1]{index=1}',
 N'wwwroot/images/sign/109.jpg'),
-- 110
(N'Trẻ em',
 N'W.225: Biển báo hiệu đoạn đường thường có trẻ em đi ngang qua hoặc tụ tập như gần trường học, khu vui chơi. Người lái cần đi chậm, tỉnh táo để đảm bảo an toàn cho trẻ em. :contentReference[oaicite:2]{index=2}',
 N'wwwroot/images/sign/110.jpg'),
-- 111
(N'Đường người đi xe đạp cắt ngang',
 N'W.226: Biển báo hiệu đoạn đường phía trước thường có người đi xe đạp từ đường nhỏ hoặc đường dành cho xe đạp nhập vào đường ô tô; người lái cần nhường chú ý và giảm tốc độ. :contentReference[oaicite:3]{index=3}',
 N'wwwroot/images/sign/111.jpg'),
-- 112
(N'Công trường',
 N'W.227: Biển báo sắp tới đoạn đường đang tiến hành sửa chữa, thi công, có người và máy móc làm việc. Người lái xe phải giảm tốc độ, không gây nguy hiểm cho người/thợ thi công. :contentReference[oaicite:4]{index=4}',
 N'wwwroot/images/sign/112.jpg'),
-- 113
(N'Đá lở',
 N'W.228a: Biển báo gần tới đoạn đường có hiện tượng đất, đá từ ta luy sụt lở bất ngờ hoặc đá nhỏ rơi văng ra đường — lái xe phải cẩn thận đặc biệt khi thời tiết xấu. :contentReference[oaicite:5]{index=5}',
 N'wwwroot/images/sign/113.jpg'),
-- 114
(N'Đá lở',
 N'W.228b: Biển báo hiệu sắp đến đoạn đường có nguy cơ đá từ sườn núi rơi xuống hoặc vách đá bị sụt lở vào phần đường; lái xe cần giảm tốc độ, giữ khoảng cách và quan sát phía sườn núi.',
 N'wwwroot/images/sign/114.jpg'),
-- 115
(N'Nền đường yếu',
 N'W.228d: Biển báo hiệu sắp đến đoạn đường có nền đường yếu, mặt đường không ổn định (ví dụ: nền đất yếu, bị lún, hay trũng nước) — người lái xe nên đi chậm, tránh phanh gấp hoặc đánh lái đột ngột.',
 N'wwwroot/images/sign/115.jpg'),
-- 116
(N'Dải máy bay lên/xuống',
 N'W.229: Biển báo hiệu sắp đến khu vực có đường băng máy bay hoặc máy bay cất/hạ cánh gần đường; người lái xe cần cảnh giác, tránh dùng còi ầm ĩ, giữ khoảng cách an toàn và quan sát tình trạng giao thông từ trên cao.',
 N'wwwroot/images/sign/116.jpg'),
-- 117
(N'Gia súc',
 N'W.230: Biển báo hiệu sắp đến đoạn đường thường có gia súc đi lại, qua chăn thả hoặc vào đường bộ; người lái xe cần giảm tốc độ, quan sát hai bên đường và chuẩn bị dừng hoặc né tránh khi cần thiết.',
 N'wwwroot/images/sign/117.jpg'),
-- 118
(N'Thú rừng vượt qua đường',
 N'W.231: Biển báo hiệu sắp đến đoạn đường thường có thú rừng qua lại. Người lái xe cần đi chậm, quan sát kỹ hai bên đường để tránh va chạm với động vật hoang dã.',
 N'wwwroot/images/sign/118.jpg'),
-- 119
(N'Dốc lên nguy hiểm',
 N'W.220: Biển báo hiệu sắp đến chỗ dốc lên nguy hiểm. Trị số ghi trên biển thể hiện độ dốc thực tế tính bằng phần trăm (%). Lái xe cần chọn số phù hợp, giữ đều ga để đảm bảo an toàn khi leo dốc.',
 N'wwwroot/images/sign/119.jpg'),
-- 120
(N'Nguy hiểm khác',
 N'W.233: Biển báo hiệu sắp đến khu vực có nguy hiểm khác không được xác định bằng các biển cảnh báo chuyên biệt khác. Lái xe cần giảm tốc độ, chú ý quan sát và tuân thủ biển phụ (nếu có) để nhận biết cụ thể loại nguy hiểm.',
 N'wwwroot/images/sign/120.jpg'),
-- 121
(N'Hết đường đôi',
 N'W.236: Biển báo hiệu sắp kết thúc đoạn đường đôi (tức là đoạn đường có dải phân cách giữa hai chiều xe chạy). Sau biển này, xe ở hai chiều phải đi chung phần đường, cần đặc biệt chú ý xe ngược chiều.',
 N'wwwroot/images/sign/121.jpg'),
-- 122
(N'Giao nhau với đường hai chiều',
 N'W.234: Biển báo hiệu trên đường một chiều sắp đến nơi giao nhau với đường hai chiều. Người lái xe cần chú ý quan sát, giảm tốc độ và nhường đường khi cần thiết để tránh va chạm với xe đi ngược hướng.',
 N'wwwroot/images/sign/122.jpg'),
-- 123
(N'Đường đôi',
 N'W.235: Biển báo hiệu sắp đến đoạn đường đôi — tức là đường có dải phân cách cứng chia tách hai chiều xe chạy rõ ràng. Người lái xe cần đi đúng phần đường, không lấn sang phần đường ngược chiều.',
 N'wwwroot/images/sign/123.jpg'),
-- 124
(N'Nơi 2 đường sắt giao nhau với đường bộ',
 N'W.242b: Biển báo hiệu sắp đến chỗ có hai đường sắt giao nhau cùng mức với đường bộ. Lái xe cần giảm tốc độ, quan sát kỹ và dừng lại khi có tàu hỏa đến gần.',
 N'wwwroot/images/sign/124.jpg'),
-- 125
(N'Đường có độ vòng lớn',
 N'W.237: Biển báo hiệu sắp đến cầu hoặc đoạn đường có độ vòng rất lớn, gây hạn chế tầm nhìn; người lái xe cần giảm tốc độ và chú ý quan sát hai bên.',
 N'wwwroot/images/sign/125.jpg'),
-- 126
(N'Đường cao tốc phía trước',
 N'W.238: Biển báo hiệu sắp đến đường cao tốc; người lái xe cần chuẩn bị nhập làn theo đúng quy định, tuân thủ tốc độ tối thiểu và tối đa trên cao tốc.',
 N'wwwroot/images/sign/126.jpg'),
-- 127
(N'Đường có đường cáp điện phía trên',
 N'W.239: Biển báo hiệu đoạn đường phía trên có đường dây điện vượt qua; lái xe cần chú ý chiều cao phương tiện, nhất là xe có hàng cồng kềnh để tránh va chạm.',
 N'wwwroot/images/sign/127.jpg'),
-- 128
(N'Đường hầm phía trước',
 N'W.240: Biển báo hiệu sắp đến đường hầm, đặc biệt với các hầm có chiếu sáng kém hoặc hai chiều xe chạy chung. Lái xe cần bật đèn, giữ tốc độ ổn định và không dừng đỗ trong hầm.',
 N'wwwroot/images/sign/128.jpg'),
-- 129
(N'Ùn tắc giao thông',
 N'W.241: Biển báo hiệu đoạn đường phía trước thường xảy ra ùn tắc; người lái xe cần giảm tốc độ, giữ khoảng cách an toàn và đi theo sự điều tiết của lực lượng chức năng.',
 N'wwwroot/images/sign/129.jpg'),
-- 130
(N'Nơi đường sắt giao không vuông góc với đường bộ',
 N'W.243c: Biển báo đặt tại nơi có đường sắt giao chéo (không vuông góc) với đường bộ, thường cách ray gần nhất 150 m; người lái xe cần quan sát kỹ hai hướng trước khi qua đường sắt.',
 N'wwwroot/images/sign/130.jpg'),
-- 131
(N'Đoạn đường hay xảy ra tai nạn',
 N'W.244: Biển báo hiệu đoạn đường phía trước thường xuyên xảy ra tai nạn; người lái xe cần đặc biệt chú ý, giảm tốc độ và tuân thủ nghiêm các biển phụ nếu có.',
 N'wwwroot/images/sign/131.jpg'),
-- 132
(N'Đi chậm',
 N'W.245a: Biển báo yêu cầu người điều khiển phương tiện giảm tốc độ, đi chậm để phòng ngừa nguy hiểm phía trước (có thể do khúc cua, giao cắt hoặc chướng ngại vật).',
 N'wwwroot/images/sign/132.jpg'),
-- 133
(N'Đi chậm',
 N'W.245b: Biển có nội dung tương tự W.245a nhưng kèm chữ tiếng Anh “SLOW” để dễ nhận biết đối với người nước ngoài.',
 N'wwwroot/images/sign/133.jpg'),
-- 134
(N'Chú ý chướng ngại vật – vòng tránh sang hai bên',
 N'W.246a: Biển báo hiệu phía trước có chướng ngại vật ở giữa đường, người lái xe phải giảm tốc độ và đi vòng tránh sang hai bên (trái hoặc phải) theo hướng mũi tên chỉ dẫn.',
 N'wwwroot/images/sign/134.jpg'),
-- 135
(N'Chú ý chướng ngại vật: vòng tránh sang bên trái',
 N'W.246b: Biển báo hiệu phía trước có chướng ngại vật, người lái xe cần giảm tốc độ và đi vòng tránh sang bên trái theo hướng mũi tên chỉ dẫn. Biển được đặt trước chướng ngại vật một khoảng cách an toàn để người điều khiển kịp xử lý.',
 N'wwwroot/images/sign/135.jpg'),
-- 136
(N'Chú ý chướng ngại vật: vòng tránh sang bên phải',
 N'W.246c: Biển báo hiệu phía trước có chướng ngại vật, người lái xe cần giảm tốc độ và đi vòng tránh sang bên phải. Biển được đặt trước vị trí vật cản và đi kèm với vạch chỉ hướng hoặc biển phụ nếu cần.',
 N'wwwroot/images/sign/136.jpg'),
-- 137
(N'Chú ý xe đỗ',
 N'W.247: Biển báo hiệu khu vực phía trước thường có xe đỗ hoặc dừng lại trên phần đường xe chạy, có thể gây cản trở giao thông. Người lái xe cần giảm tốc độ, chú ý quan sát và giữ khoảng cách an toàn để phòng ngừa va chạm.',
 N'wwwroot/images/sign/137.jpg');
 GO


 -------------------------------------------
-- KHAI BÁO ID HẠNG
-------------------------------------------
 DECLARE 
    @A1  INT = (SELECT idHang FROM hang WHERE maHang = N'A1'),
    @A   INT = (SELECT idHang FROM hang WHERE maHang = N'A'),
    @B1  INT = (SELECT idHang FROM hang WHERE maHang = N'B1'),
    @B   INT = (SELECT idHang FROM hang WHERE maHang = N'B'),
    @C1  INT = (SELECT idHang FROM hang WHERE maHang = N'C1'),
    @C   INT = (SELECT idHang FROM hang WHERE maHang = N'C'),
    @D1  INT = (SELECT idHang FROM hang WHERE maHang = N'D1'),
    @D2  INT = (SELECT idHang FROM hang WHERE maHang = N'D2'),
    @D   INT = (SELECT idHang FROM hang WHERE maHang = N'D'),
    @BE  INT = (SELECT idHang FROM hang WHERE maHang = N'BE'),
    @C1E INT = (SELECT idHang FROM hang WHERE maHang = N'C1E'),
    @CE  INT = (SELECT idHang FROM hang WHERE maHang = N'CE'),
    @D1E INT = (SELECT idHang FROM hang WHERE maHang = N'D1E'),
    @D2E INT = (SELECT idHang FROM hang WHERE maHang = N'D2E'),
    @DE  INT = (SELECT idHang FROM hang WHERE maHang = N'DE');


INSERT INTO quyDinhHang (kmToiThieu, soGioBanDem, lyThuyet, saHinh, moPhong, duongTruong, ghiChu, idHang)
VALUES
-- Hạng A1 & A: Không thi mô phỏng, không thi đường trường
(NULL, 0, 1, 1, 0, 0, N'Hạng mô tô, không yêu cầu mô phỏng và đường trường.', @A1),
(NULL, 0, 1, 1, 0, 0, N'Hạng mô tô phân khối lớn, không yêu cầu mô phỏng và đường trường.', @A),
-- Hạng B1 & B (B2)
(800, 1, 1, 1, 1, 1, N'Yêu cầu tập lái tối thiểu 800km, có lái xe ban đêm.', @B1),
(1000, 2, 1, 1, 1, 1, N'Yêu cầu tập lái tối thiểu 1000km, có lái xe ban đêm.', @B),
-- Hạng C
(1500, 2, 1, 1, 1, 1, N'Xe tải từ 3.5 tấn trở lên, yêu cầu thực hành nhiều hơn.', @C1),
(1500, 2, 1, 1, 1, 1, N'Xe tải hạng nặng, đào tạo chuyên sâu.', @C),
-- Hạng D1, D2, D (chở khách)
(2000, 3, 1, 1, 1, 1, N'Đào tạo lái xe chở khách đến 16 chỗ.', @D1),
(2000, 3, 1, 1, 1, 1, N'Đào tạo lái xe chở khách từ 16 → 29 chỗ.', @D2),
(2000, 3, 1, 1, 1, 1, N'Đào tạo lái xe khách lớn, xe giường nằm.', @D),
-- Các hạng kéo rơ–moóc & xe đầu kéo: theo hạng gốc, không tăng thêm km
(NULL, NULL, 1, 1, 1, 1, N'Áp dụng chương trình theo hạng B.', @BE),
(NULL, NULL, 1, 1, 1, 1, N'Áp dụng chương trình theo hạng C1.', @C1E),
(NULL, NULL, 1, 1, 1, 1, N'Áp dụng chương trình theo hạng C.', @CE),
(NULL, NULL, 1, 1, 1, 1, N'Áp dụng chương trình theo hạng D1.', @D1E),
(NULL, NULL, 1, 1, 1, 1, N'Áp dụng chương trình theo hạng D2.', @D2E),
(NULL, NULL, 1, 1, 1, 1, N'Áp dụng chương trình theo hạng D.', @DE);
GO

-------------------------------------------------------
-- TẠO 10 KHÓA HỌC CHO MỖI HẠNG
-------------------------------------------------------

;WITH HangList AS (
    SELECT idHang, maHang, tenDayDu
    FROM hang
),
Tally AS (
    SELECT TOP (10) ROW_NUMBER() OVER (ORDER BY (SELECT NULL)) AS n
    FROM sys.objects
)
INSERT INTO khoaHoc (tenKhoaHoc, ngayBatDau, ngayKetThuc, slToiDa, moTa, isActive, idHang)
SELECT 
    CONCAT(N'Khóa học lái xe ', H.tenDayDu, N' – K0', T.n) AS tenKhoaHoc,
    DATEADD(DAY, (T.n - 1) * 14, CAST(GETDATE() AS DATE)) AS ngayBatDau,
    DATEADD(DAY, (T.n - 1) * 14 + 45, CAST(GETDATE() AS DATE)) AS ngayKetThuc,
    CASE 
        WHEN H.maHang IN ('A1','A') THEN 60
        WHEN H.maHang IN ('B1','B') THEN 40
        ELSE 30
    END AS slToiDa,
    CONCAT(N'Khóa đào tạo lái xe hạng ', H.maHang, N', khóa số ', T.n, N'.') AS moTa,
    1 AS isActive,
    H.idHang
FROM HangList H
CROSS JOIN Tally T;

GO

INSERT INTO xeTapLai (loaiXe, trangThaiXe, bienSo, giaThueTheoGio, anhXe) VALUES
('Honda Wave Alpha', 1,  '59A1-111.01', 30000, 'https://cafebiz.cafebizcdn.vn/162123310254002176/2023/7/10/f1-copy-2-1-1688981659370-1688981659493417347804.jpg'),
('Honda Wave RSX', 1,  '59A1-111.02', 30000, 'https://thanhnien.mediacdn.vn/Uploaded/bahung/2022_12_03/wave-rsx-fi-110-1-6719.png'),
('Honda Future 125', 1,  '59A1-111.03', 35000, 'https://imgcdn.zigwheels.my/large/gallery/color/60/881/honda-future-fi-color-784930.jpg'),
('Honda AirBlade 125', 1,  '59A1-111.04', 35000, 'https://kimdiep.com.vn/upload/hinh_xe_may/1653183533_honda-air-blade-125160.jpg'),
('Honda Vision', 1,  '59A1-111.05', 30000, 'https://hondadoanhthu.com.vn/wp-content/uploads/2022/01/Vision-the-thao.png'),
('Yamaha Sirius', 1,  '59A1-111.06', 30000, 'https://imgcdn.zigwheels.vn/large/gallery/exterior/80/827/yamaha-sirius-slant-front-view-full-image-750718.jpg'),
('Yamaha Jupiter', 1,  '59A1-111.07', 30000, 'https://hieuhang.com.vn/wp-content/uploads/2023/04/Jupiter-Mat-Black-004-1.png'),
('Suzuki Smash', 1,  '59A1-111.08', 30000, 'https://danviet.ex-cdn.com/files/f1/upload/4-2019/images/2019-12-26/Huyen-thoai-2020-Suzuki-Smash-Fi-ra-mat-gia-30-trieu-dong-su2-1577310578-width660height510.jpg'),
('Yamaha Exciter 150', 1,  '59A1-111.09', 40000, 'https://files01.danhgiaxe.com/lyNiPWgIFkK-P6LnCCiigQJfh6o=/fit-in/1280x0/20230131/yamaha-exciter-150-12-211901.jpg'),
('Honda Winner X', 1,  '59A1-111.10', 40000, 'https://headhongdac.com/upload/sanpham/large/winner-x-1719890084-49e967.jpg'),

('Toyota Vios - Số sàn', 1, '51A-200.01', 150000, 'https://content.toyota.com.ph/uploads/articles/112/003_112_1595829322265_000.png'),
('Toyota Vios - Số tự động', 1, '51A-200.02', 160000, 'https://content.toyota.com.ph/uploads/articles/112/003_112_1595829322265_000.png'),
('Hyundai Accent - Số sàn', 1, '51A-200.03', 150000, 'https://img1.oto.com.vn/2018/09/07/Vhf1w503/danh-gia-xe-hyundai--293d.jpg'),
('Hyundai Accent - Số tự động', 1, '51A-200.04', 160000, 'https://hyundaithanhcong.net/photos/12/accent%20so%20s%C3%A0n%20b%E1%BA%A3n%20%C4%91%E1%BB%95/dau-xe-hyundai-accent-so-san-ban-du.jpg'),
('Kia Morning - Số sàn', 1, '51A-200.05', 140000, 'https://xe5s.vn/uploads/raovat/images/3b079ba76b9bc4c59d8a-jpg-1712048631-.jpg'),
('Kia Cerato - Số tự động', 1, '51A-200.06', 170000, 'https://files01.danhgiaxe.com/t7RVtha4Nql89wU_1jJTMsklWE0=/fit-in/1280x0/20180106/img_8454-132801.jpg'),
('Mazda 3 - Số tự động', 0, '51A-200.07', 180000, 'https://mazdasaigon247.com/wp-content/uploads/2020/12/z6926034588626_97f2eb52ace023dc4e14479afe0e1e2f-scaled-e1755672257676-768x629.jpg'),
('Honda City - Số sàn', 1, '51A-200.08', 150000, 'https://hondaotomydinh.vn/wp-content/uploads/2023/08/Nguyen-nhan-Honda-City-so-san-bi-khai-tu-Anh-Suu-tam-Internet-1-1.jpg'),
('Mitsubishi Attrage - Số sàn', 1, '51A-200.09', 140000, 'https://mitsubishi-binhtrieu.net/wp-content/uploads/Hinh-anh-xe-Mitsubishi-Attrage-so-san-mau-xam-moi-2.jpg'),
('Suzuki Swift - Số tự động', 1, '51A-200.10', 160000, 'https://suzukihanoi.com.vn/wp-content/uploads/2025/07/suzuki-swift-mau-trang-768x512.jpg'),

('Vinfast Fadil - Số tự động', 1, '51A-300.01', 160000, 'https://danhgiaxevinfast.com/wp-content/uploads/2018/05/fadil-05032021_0007_fadil-white-768x496.jpg'),
('Toyota Yaris - Số tự động', 1, '51A-300.02', 170000, 'https://drive.gianhangvn.com/image/ngoai-that-xe-toyota-yaris-2021-3-1694315j22961.jpg'),
('Isuzu 3.5 tấn', 1, '51C-400.01', 250000, 'https://xetaiisuzuhcm.com/wp-content/uploads/2019/05/2-3-768x495.jpg'),
('Hino 5 tấn', 1, '51C-400.02', 280000, 'https://ototran.com.vn/upload/product/z5100838795944_6f058f96f9bd55e9b3f3302864a1f224.jpg'),
('Hyundai Mighty 7 tấn', 0, '51C-400.03', 300000, 'https://hyundaimiennam.com/wp-content/uploads/2024/01/Xe-tai-Hyundai-New-Mighty-Ex8-Gtl-thung-mui-bat-7-tan-5m8-2.jpg'),
('Veam VT490 4.9 tấn', 1, '51C-400.04', 260000, 'https://chouytin.com/image/cache/catalog/Veam/VT490A/xe-tai-veam-vt490a-tai-5-tan-500x500.jpg'),
('Thaco Ollin 700', 1, '51C-400.05', 270000, 'https://product.hstatic.net/200000230193/product/ollin__1__9c71a2be42ac430694da0b1dcf237fe3_master.png'),
('Dongfeng 7 tấn', 1, '51C-400.06', 300000, 'https://otophuman.vn/upload/xe_dongfeng_7t4.jpg'),
('Ford Transit 16 chỗ', 1, '51B-500.01', 220000, 'https://www.ford.com.vn/content/ford/vn/vi_vn/home/Ford-Transit-trusted-business-partner-3/jcr%3Acontent/par/common_box_1737676907/generalParsys/splitter/splitter0/mediacarouselitem/image.imgs.480.high.jpg'),
('Hyundai Solati 16 chỗ', 1, '51B-500.02', 230000, 'https://hyundaivina.com.vn/images/xe/Hyundai%20Solati/z4608951522847_53533506fae58408f.jpg'),

('Thaco Town 29 chỗ', 1, '51B-600.01', 300000, 'https://drive.gianhangvn.com/image/z5540170723801-e6589fb088415639044d37061332dc66-2647822j30270.jpg'),
('Hyundai County 29 chỗ', 1, '51B-600.02', 310000, 'https://hyundaibacviet.vn/wp-content/uploads/2020/03/Untitled-768x609.png'),
('Thaco Universe 45 chỗ', 1, '51B-600.03', 350000, 'https://travelhow.com.vn/images/2020/07/thue-xe-universe-45-cho-ngoi-600x450.jpg');
GO

INSERT INTO lopHoc (tenLop, trangThaiLop) VALUES
-- Lý thuyết sáng
(N'Lớp Lý Thuyết Sáng Thứ 2-4-6 - Phòng A101', 1),
(N'Lớp Lý Thuyết Sáng Thứ 3-5-7 - Phòng A102', 1),
(N'Lớp Lý Thuyết Sáng Hằng Ngày - Phòng A103', 1),

-- Lý thuyết chiều
(N'Lớp Lý Thuyết Chiều Thứ 2-4-6 - Phòng A201', 1),
(N'Lớp Lý Thuyết Chiều Thứ 3-5-7 - Phòng A202', 1),
(N'Lớp Lý Thuyết Chiều Cuối Tuần - Phòng A203', 1),

-- Lý thuyết tối
(N'Lớp Lý Thuyết Tối Thứ 2-4-6 - Phòng A301', 1),
(N'Lớp Lý Thuyết Tối Thứ 3-5 - Phòng A302', 1),
(N'Lớp Ôn Tập Lý Thuyết Chuẩn Bị Thi - Phòng A303', 1),

-- Mô phỏng
(N'Lớp Mô Phỏng Cơ Bản - Phòng M01', 1),
(N'Lớp Mô Phỏng Nâng Cao - Phòng M02', 1),
(N'Lớp Mô Phỏng Thực Tế Giao Thông - Phòng M03', 1),
(N'Lớp Mô Phỏng Sa Hình - Phòng M04', 1),
(N'Lớp Ôn Tập Mô Phỏng Trước Sát Hạch - Phòng M05', 1),
(N'Lớp Mô Phỏng Chuyên Sâu Xử Lý Sự Cố - Phòng M06', 1);
GO

DECLARE @khoaHocId INT, @idHang INT, @ngayBatDau DATE;

DECLARE cur CURSOR FOR 
    SELECT k.khoaHocId, k.idHang, k.ngayBatDau
    FROM khoaHoc k;

OPEN cur;
FETCH NEXT FROM cur INTO @khoaHocId, @idHang, @ngayBatDau;

WHILE @@FETCH_STATUS = 0
BEGIN
    DECLARE @soLT INT, @soMP INT, @soTH INT;

    -- Số buổi theo hạng
    IF @idHang IN (SELECT idHang FROM hang WHERE maHang IN (N'A1', N'A'))
        SELECT @soLT = 6, @soMP = 2, @soTH = 6;
    ELSE IF @idHang IN (SELECT idHang FROM hang WHERE maHang IN (N'B1', N'B'))
        SELECT @soLT = 8, @soMP = 4, @soTH = 12;
    ELSE IF @idHang IN (SELECT idHang FROM hang WHERE maHang IN (N'C1', N'C'))
        SELECT @soLT = 10, @soMP = 5, @soTH = 16;
    ELSE
        SELECT @soLT = 12, @soMP = 6, @soTH = 18;

    ----------------------------------------------------------------
    -- LẦY LỚP LÝ THUYẾT NGẪU NHIÊN
    ----------------------------------------------------------------
    DECLARE @lopLyThuyet INT;
    SELECT TOP 1 @lopLyThuyet = lopHocId
    FROM lopHoc
    WHERE tenLop LIKE N'%Lý Thuyết%'
    ORDER BY NEWID();

    -- Tạo buổi Lý thuyết (T2-4-6, 18:00–20:00)
    DECLARE @i INT = 1, @day DATE = @ngayBatDau;
    WHILE @i <= @soLT
    BEGIN
        IF DATENAME(WEEKDAY, @day) IN ('Monday', 'Wednesday', 'Friday')
        BEGIN
            INSERT INTO lichHoc(lopHocId, xeTapLaiId, khoaHocId, ngayHoc, tgBatDau, tgKetThuc, noiDung, diaDiem, ghiChu)
            VALUES(@lopLyThuyet, NULL, @khoaHocId, @day, '18:00', '20:00', N'Học lý thuyết GPLX', N'Phòng A', NULL);
            SET @i += 1;
        END
        SET @day = DATEADD(DAY, 1, @day);
    END

    ----------------------------------------------------------------
    -- LẤY LỚP MÔ PHỎNG NGẪU NHIÊN
    ----------------------------------------------------------------
    DECLARE @lopMoPhong INT;
    SELECT TOP 1 @lopMoPhong = lopHocId
    FROM lopHoc
    WHERE tenLop LIKE N'%Mô Phỏng%'
    ORDER BY NEWID();

    -- Tạo buổi Mô phỏng (T3-5, 14:00–16:00)
    SET @i = 1;
    SET @day = @ngayBatDau;
    WHILE @i <= @soMP
    BEGIN
        IF DATENAME(WEEKDAY, @day) IN ('Tuesday', 'Thursday')
        BEGIN
            INSERT INTO lichHoc(lopHocId, xeTapLaiId, khoaHocId, ngayHoc, tgBatDau, tgKetThuc, noiDung, diaDiem, ghiChu)
            VALUES(@lopMoPhong, NULL, @khoaHocId, @day, '14:00', '16:00', N'Học mô phỏng sa hình', N'Phòng M01', NULL);
            SET @i += 1;
        END
        SET @day = DATEADD(DAY, 1, @day);
    END

    ----------------------------------------------------------------
    -- THỰC HÀNH (Chọn xe ngẫu nhiên)
    ----------------------------------------------------------------
    DECLARE @xe INT;
    SELECT TOP 1 @xe = xeTapLaiId FROM xeTapLai WHERE trangThaiXe = 1 ORDER BY NEWID();

    SET @i = 1;
    SET @day = @ngayBatDau;
    WHILE @i <= @soTH
    BEGIN
        IF DATENAME(WEEKDAY, @day) IN ('Saturday', 'Sunday')
        BEGIN
            INSERT INTO lichHoc(lopHocId, xeTapLaiId, khoaHocId, ngayHoc, tgBatDau, tgKetThuc, noiDung, diaDiem, ghiChu)
            VALUES(NULL, @xe, @khoaHocId, @day, '08:00', '10:00', N'Thực hành lái xe trên sân tập', N'Sân tập', NULL);
            SET @i += 1;
        END
        SET @day = DATEADD(DAY, 1, @day);
    END

    FETCH NEXT FROM cur INTO @khoaHocId, @idHang, @ngayBatDau;
END

CLOSE cur;
DEALLOCATE cur;
GO

INSERT INTO dbo.Chuong (thuTu, tenChuong) VALUES 
(1, N'Quy định chung và quy tắc giao thông đường bộ'),
(2, N'Văn hóa giao thông, đạo đức người lái xe, kỹ năng phòng cháy, chữa cháy và cứu hộ, cứu nạn'),
(3, N'Kỹ thuật lái xe'),
(4, N'Cấu tạo và sửa chữa'),
(5, N'Báo hiệu đường bộ'),
(6, N'Giải thế sa hình và kỹ năng xử lý tình huống giao thông');
GO

-- ================================================
-- INSERT 600 câu hỏi vào dbo.Cau_hoi (sửa mapping chương theo thi lý thuyết)
-- Lưu ý là chỉ được chạy phần này lần đầu thôi nếu lỡ delete Cau_hoi thì nó mất data mà vẫn giữ index lại thì sẽ bị lỗi phải reset database lại rồi chạy lại
-- ================================================


-- Chèn 600 dòng câu hỏi
DECLARE @i INT = 1;
DECLARE @ID_Chuong INT;
DECLARE @Hinh_anh NVARCHAR(500);
DECLARE @Url_anh_meo NVARCHAR(500);
DECLARE @FormattedCounter VARCHAR(3);
DECLARE @Noi_dung NVARCHAR(MAX);

WHILE @i <= 600
BEGIN
    -- Xác định ID_Chuong dựa theo dải câu
    SET @ID_Chuong =
        CASE
            WHEN @i BETWEEN 1 AND 180 THEN 1
            WHEN @i BETWEEN 181 AND 205 THEN 2
            WHEN @i BETWEEN 206 AND 263 THEN 3
            WHEN @i BETWEEN 264 AND 300 THEN 4
            WHEN @i BETWEEN 301 AND 485 THEN 5
            WHEN @i BETWEEN 486 AND 600 THEN 6
            ELSE NULL
        END;

    -- Nội dung tạm của câu hỏi (có thể thay bằng text thật sau)
    SET @Noi_dung = N'Câu hỏi số ' + CAST(@i AS NVARCHAR(10));

    -- Định dạng số với 3 chữ số (1 -> '001', 12 -> '012', 123 -> '123')
    SET @FormattedCounter = FORMAT(@i, '000');

    -- Tạo đường dẫn file ảnh câu hỏi + ảnh mẹo
    SET @Hinh_anh    = N'wwwroot/images/cau_hoi/' + @FormattedCounter + N'.jpg';
    SET @Url_anh_meo = N'wwwroot/images/meo_tn/' + @FormattedCounter + N'.jpg';

    INSERT INTO dbo.cauHoiLyThuyet(
        chuongId,
        noiDung,
        hinhAnh,
        urlAnhMeo
    )
    VALUES (
        @ID_Chuong,
        @Noi_dung,
        @Hinh_anh,
        @Url_anh_meo
    );

    SET @i = @i + 1;
END;
GO

/* Gắn cờ "chu_y" = 1 cho 50 câu cần chú ý */
UPDATE dbo.cauHoiLyThuyet
SET chuY = 1
WHERE idCauHoi IN (
    1, 5, 6, 13, 44, 46, 77, 93, 109, 124, 126, 137, 141, 
	145, 146, 151, 155, 304, 305, 323, 326, 330, 347, 367, 
	370, 374, 375, 377, 381, 382, 386, 390, 391, 393, 432, 
	435, 437, 438, 440, 461, 475, 487, 490, 507, 525, 529, 
	559, 565, 567, 568
);

/* Gắn cờ "Cau_Liet" = 1 cho 60 câu điểm liệt */
UPDATE dbo.cauHoiLyThuyet
SET cauLiet = 1
WHERE idCauHoi IN (
    19, 20, 21, 22, 23, 24, 25, 26, 27, 28, 30, 32, 34, 35, 
	47, 48, 52, 53, 55, 58, 63, 64, 65, 66, 67, 68, 70, 71, 
	72, 73, 74, 85, 86, 87, 88, 89, 90, 91, 92, 93, 97, 98, 
	102, 117, 163, 165, 167, 197, 198, 206, 215, 226, 234, 
	245, 246, 252, 253, 254, 255, 260
);

/* Gắn cờ "xe_may" = 1 cho 250 câu thuộc bộ A/A1 */
UPDATE dbo.cauHoiLyThuyet
SET xeMay = 1
WHERE idCauHoi IN (
	1,2,3,4,5,6,7,8,9,10,11,12,13,19,20,21,22,24,26,27,28,
	29,30,31,32,33,34,35,36,37,38,39,40,41,43,44,45,46,47,
	48,49,51,52,53,54,56,57,59,63,64,65,66,67,68,69,70,71,
	72,73,74,75,76,77,80,81,87,88,90,91,92,93,94,96,97,98,
	99,100,102,103,107,109,110,111,119,123,124,125,126,137,
	138,140,141,142,145,146,151,155,163,167,178,182,185,187,
	189,191,19,193,194,195,200,206,215,219,232,233,240,241,
	242,254,255,257,258,259,260,261,303,304,305,306,307,313,
	314,315,317,318,322,323,324,325,326,329,330,335,345,346,
	347,348,349,350,351,354,360,362,364,366,367,368,369,370,
	371,372,373,374,375,376,377,380,381,382,386,387,389,390,
	391,393,394,395,397,398,400,401,411,412,413,415,419,422,
	427,430,431,432,433,434,435,43,438,439,440,441,442,445,
	450,451,452,454,455,457,458,459,460,461,474,475,476,478,
	486,487,490,492,495,499,500,503,504,505,507,508,509,517,
	520,525,527,528,529,538,539,540,543,548,553,556,559,560,
	562,565,567,568,583,592,600
);
GO

UPDATE cauHoiLyThuyet
SET cauLiet = 0
WHERE cauLiet IS NULL;
GO
UPDATE cauHoiLyThuyet
SET chuY = 0
WHERE chuY IS NULL;
GO
UPDATE cauHoiLyThuyet
SET xeMay = 0
WHERE xeMay IS NULL;  -- X = số câu xe máy
GO

-- ========================================
-- Dữ liệu bảng Đáp án cho 600 câu hỏi
-- ========================================
insert into dbo.dapAn(idCauHoi, thuTu, dapAnDung) values
(1, 1, 0),
(1, 2, 1),
(1, 3, 0),
(2, 1, 0),
(2, 2, 1),
(2, 3, 0),
(3, 1, 1),
(3, 2, 0),
(3, 3, 0),
(4, 1, 0),
(4, 2, 1),
(4, 3, 0),
(5, 1, 0),
(5, 2, 1),
(5, 3, 0),
(5, 4, 0),
(6, 1, 1),
(6, 2, 0),
(6, 3, 0),
(7, 1, 1),
(7, 2, 0),
(7, 3, 0),
(8, 1, 0),
(8, 2, 1),
(9, 1, 1),
(9, 2, 0),
(9, 3, 0),
(10, 1, 0),
(10, 2, 0),
(10, 3, 1),
(11, 1, 0),
(11, 2, 0),
(11, 3, 1),
(12, 1, 0),
(12, 2, 0),
(12, 3, 1),
(13, 1, 0),
(13, 2, 1),
(13, 3, 0),
(14, 1, 0),
(14, 2, 1),
(14, 3, 0),
(15, 1, 0),
(15, 2, 1),
(16, 1, 1),
(16, 2, 0),
(17, 1, 1),
(17, 2, 0),
(18, 1, 1),
(18, 2, 0),
(18, 3, 0),
(19, 1, 0),
(19, 2, 1),
(19, 3, 0),
(20, 1, 0),
(20, 2, 0),
(20, 3, 1),
(21, 1, 0),
(21, 2, 0),
(21, 3, 1),
(22, 1, 0),
(22, 2, 1),
(23, 1, 0),
(23, 2, 0),
(23, 3, 1),
(24, 1, 1),
(24, 2, 0),
(24, 3, 0),
(25, 1, 0),
(25, 2, 0),
(25, 3, 1),
(26, 1, 1),
(26, 2, 0),
(26, 3, 0),
(27, 1, 0),
(27, 2, 0),
(27, 3, 0),
(27, 4, 1),
(28, 1, 0),
(28, 2, 0),
(28, 3, 1),
(29, 1, 0),
(29, 2, 1),
(30, 1, 0),
(30, 2, 0),
(30, 3, 1),
(31, 1, 0),
(31, 2, 1),
(31, 3, 0),
(32, 1, 0),
(32, 2, 0),
(32, 3, 1),
(33, 1, 0),
(33, 2, 0),
(33, 3, 1),
(34, 1, 0),
(34, 2, 1),
(34, 3, 0),
(35, 1, 0),
(35, 2, 0),
(35, 3, 0),
(35, 4, 1),
(36, 1, 0),
(36, 2, 0),
(36, 3, 0),
(36, 4, 1),
(37, 1, 0),
(37, 2, 0),
(37, 3, 1),
(37, 4, 0),
(38, 1, 1),
(38, 2, 0),
(38, 3, 0),
(39, 1, 0),
(39, 2, 1),
(39, 3, 0),
(40, 1, 1),
(40, 2, 0),
(40, 3, 0),
(41, 1, 0),
(41, 2, 0),
(41, 3, 1),
(42, 1, 1),
(42, 2, 0),
(43, 1, 0),
(43, 2, 1),
(43, 3, 0),
(44, 1, 0),
(44, 2, 1),
(44, 3, 0),
(45, 1, 0),
(45, 2, 0),
(45, 3, 1),
(45, 4, 0),
(46, 1, 1),
(46, 2, 0),
(47, 1, 0),
(47, 2, 1),
(47, 3, 0),
(48, 1, 0),
(48, 2, 0),
(48, 3, 1),
(49, 1, 0),
(49, 2, 1),
(49, 3, 0),
(50, 1, 1),
(50, 2, 0),
(50, 3, 0),
(51, 1, 0),
(51, 2, 0),
(51, 3, 1),
(52, 1, 1),
(52, 2, 0),
(53, 1, 1),
(53, 2, 0),
(53, 3, 0),
(54, 1, 0),
(54, 2, 0),
(54, 3, 1),
(55, 1, 1),
(55, 2, 0),
(55, 3, 0),
(56, 1, 0),
(56, 2, 0),
(56, 3, 0),
(56, 4, 1),
(57, 1, 0),
(57, 2, 1),
(57, 3, 0),
(58, 1, 0),
(58, 2, 0),
(58, 3, 0),
(58, 4, 1),
(59, 1, 0),
(59, 2, 0),
(59, 3, 1),
(60, 1, 1),
(60, 2, 0),
(60, 3, 0),
(60, 4, 0),
(61, 1, 0),
(61, 2, 0),
(61, 3, 1),
(61, 4, 0),
(62, 1, 0),
(62, 2, 1),
(62, 3, 0),
(63, 1, 0),
(63, 2, 0),
(63, 3, 0),
(63, 4, 1),
(64, 1, 1),
(64, 2, 0),
(65, 1, 1),
(65, 2, 0),
(65, 3, 0),
(65, 4, 0),
(66, 1, 0),
(66, 2, 0),
(66, 3, 0),
(66, 4, 1),
(67, 1, 0),
(67, 2, 0),
(67, 3, 0),
(67, 4, 1),
(68, 1, 1),
(68, 2, 0),
(68, 3, 0),
(69, 1, 1),
(69, 2, 0),
(69, 3, 0),
(70, 1, 0),
(70, 2, 0),
(70, 3, 0),
(70, 4, 1),
(71, 1, 0),
(71, 2, 0),
(71, 3, 1),
(72, 1, 0),
(72, 2, 1),
(72, 3, 0),
(73, 1, 0),
(73, 2, 0),
(73, 3, 1),
(73, 4, 0),
(74, 1, 0),
(74, 2, 1),
(74, 3, 0),
(75, 1, 0),
(75, 2, 0),
(75, 3, 0),
(75, 4, 1),
(76, 1, 1),
(76, 2, 0),
(76, 3, 0),
(77, 1, 0),
(77, 2, 1),
(77, 3, 0),
(78, 1, 0),
(78, 2, 1),
(78, 3, 0),
(79, 1, 0),
(79, 2, 1),
(79, 3, 0),
(80, 1, 0),
(80, 2, 0),
(80, 3, 1),
(81, 1, 0),
(81, 2, 1),
(81, 3, 0),
(82, 1, 1),
(82, 2, 0),
(82, 3, 0),
(83, 1, 1),
(83, 2, 0),
(83, 3, 0),
(84, 1, 0),
(84, 2, 1),
(84, 3, 0),
(85, 1, 0),
(85, 2, 0),
(85, 3, 1),
(86, 1, 0),
(86, 2, 0),
(86, 3, 1),
(87, 1, 1),
(87, 2, 0),
(87, 3, 0),
(88, 1, 0),
(88, 2, 0),
(88, 3, 0),
(88, 4, 1),
(89, 1, 0),
(89, 2, 1),
(89, 3, 0),
(90, 1, 1),
(90, 2, 0),
(90, 3, 0),
(91, 1, 0),
(91, 2, 0),
(91, 3, 1),
(92, 1, 0),
(92, 2, 1),
(92, 3, 0),
(93, 1, 1),
(93, 2, 0),
(93, 3, 0),
(94, 1, 0),
(94, 2, 1),
(94, 3, 0),
(95, 1, 0),
(95, 2, 0),
(95, 3, 0),
(95, 4, 1),
(96, 1, 1),
(96, 2, 0),
(96, 3, 0),
(97, 1, 0),
(97, 2, 0),
(97, 3, 1),
(98, 1, 1),
(98, 2, 0),
(98, 3, 0),
(98, 4, 0),
(99, 1, 1),
(99, 2, 0),
(99, 3, 0),
(100, 1, 0),
(100, 2, 0),
(100, 3, 1),
(101, 1, 1),
(101, 2, 0),
(101, 3, 0),
(102, 1, 0),
(102, 2, 0),
(102, 3, 0),
(102, 4, 1),
(103, 1, 1),
(103, 2, 0),
(103, 3, 0),
(104, 1, 0),
(104, 2, 0),
(104, 3, 1),
(105, 1, 1),
(105, 2, 0),
(105, 3, 0),
(106, 1, 0),
(106, 2, 1),
(106, 3, 0),
(107, 1, 0),
(107, 2, 0),
(107, 3, 0),
(107, 4, 1),
(108, 1, 1),
(108, 2, 0),
(108, 3, 0),
(109, 1, 1),
(109, 2, 0),
(109, 3, 0),
(110, 1, 1),
(110, 2, 0),
(110, 3, 0),
(111, 1, 1),
(111, 2, 0),
(111, 3, 0),
(112, 1, 0),
(112, 2, 1),
(112, 3, 0),
(113, 1, 0),
(113, 2, 0),
(113, 3, 1),
(114, 1, 0),
(114, 2, 0),
(114, 3, 1),
(115, 1, 0),
(115, 2, 0),
(115, 3, 1),
(116, 1, 0),
(116, 2, 1),
(117, 1, 0),
(117, 2, 0),
(117, 3, 0),
(117, 4, 1),
(118, 1, 1),
(118, 2, 0),
(118, 3, 0),
(119, 1, 0),
(119, 2, 0),
(119, 3, 1),
(120, 1, 0),
(120, 2, 0),
(120, 3, 1),
(120, 4, 0),
(121, 1, 0),
(121, 2, 0),
(121, 3, 1),
(122, 1, 0),
(122, 2, 1),
(122, 3, 0),
(123, 1, 0),
(123, 2, 1),
(123, 3, 0),
(123, 4, 0),
(124, 1, 0),
(124, 2, 1),
(124, 3, 0),
(125, 1, 1),
(125, 2, 0),
(125, 3, 0),
(126, 1, 0),
(126, 2, 0),
(126, 3, 1),
(127, 1, 0),
(127, 2, 0),
(127, 3, 1),
(128, 1, 0),
(128, 2, 1),
(128, 3, 0),
(129, 1, 0),
(129, 2, 0),
(129, 3, 1),
(130, 1, 0),
(130, 2, 1),
(130, 3, 0),
(131, 1, 0),
(131, 2, 0),
(131, 3, 1),
(132, 1, 0),
(132, 2, 0),
(132, 3, 0),
(132, 4, 1),
(133, 1, 0),
(133, 2, 1),
(133, 3, 0),
(134, 1, 1),
(134, 2, 0),
(134, 3, 0),
(135, 1, 1),
(135, 2, 0),
(135, 3, 0),
(136, 1, 1),
(136, 2, 0),
(136, 3, 0),
(137, 1, 1),
(137, 2, 0),
(137, 3, 0),
(138, 1, 0),
(138, 2, 0),
(138, 3, 0),
(138, 4, 1),
(139, 1, 0),
(139, 2, 0),
(139, 3, 0),
(139, 4, 1),
(140, 1, 0),
(140, 2, 1),
(141, 1, 0),
(141, 2, 1),
(141, 3, 0),
(142, 1, 1),
(142, 2, 0),
(143, 1, 0),
(143, 2, 0),
(143, 3, 1),
(144, 1, 0),
(144, 2, 1),
(144, 3, 0),
(145, 1, 1),
(145, 2, 0),
(145, 3, 0),
(146, 1, 0),
(146, 2, 1),
(146, 3, 0),
(147, 1, 1),
(147, 2, 0),
(147, 3, 0),
(148, 1, 1),
(148, 2, 0),
(148, 3, 0),
(149, 1, 1),
(149, 2, 0),
(149, 3, 0),
(150, 1, 0),
(150, 2, 1),
(150, 3, 0),
(150, 4, 0),
(151, 1, 0),
(151, 2, 0),
(151, 3, 1),
(151, 4, 0),
(152, 1, 0),
(152, 2, 0),
(152, 3, 0),
(152, 4, 1),
(153, 1, 1),
(153, 2, 0),
(153, 3, 0),
(154, 1, 0),
(154, 2, 1),
(154, 3, 0),
(154, 4, 0),
(155, 1, 0),
(155, 2, 0),
(155, 3, 1),
(155, 4, 0),
(156, 1, 0),
(156, 2, 0),
(156, 3, 0),
(156, 4, 1),
(157, 1, 0),
(157, 2, 0),
(157, 3, 1),
(158, 1, 0),
(158, 2, 0),
(158, 3, 1),
(159, 1, 0),
(159, 2, 0),
(159, 3, 1),
(160, 1, 1),
(160, 2, 0),
(160, 3, 0),
(161, 1, 1),
(161, 2, 0),
(161, 3, 0),
(162, 1, 0),
(162, 2, 0),
(162, 3, 1),
(163, 1, 1),
(163, 2, 0),
(163, 3, 0),
(163, 4, 0),
(164, 1, 1),
(164, 2, 0),
(164, 3, 0),
(165, 1, 0),
(165, 2, 0),
(165, 3, 0),
(165, 4, 1),
(166, 1, 0),
(166, 2, 0),
(166, 3, 1),
(167, 1, 0),
(167, 2, 1),
(168, 1, 1),
(168, 2, 0),
(169, 1, 0),
(169, 2, 0),
(169, 3, 0),
(169, 4, 1),
(170, 1, 0),
(170, 2, 0),
(170, 3, 1),
(170, 4, 0),
(171, 1, 1),
(171, 2, 0),
(171, 3, 0),
(171, 4, 0),
(172, 1, 0),
(172, 2, 0),
(172, 3, 1),
(172, 4, 0),
(173, 1, 0),
(173, 2, 0),
(173, 3, 0),
(173, 4, 1),
(174, 1, 0),
(174, 2, 0),
(174, 3, 0),
(174, 4, 1),
(175, 1, 0),
(175, 2, 0),
(175, 3, 0),
(175, 4, 1),
(176, 1, 1),
(176, 2, 0),
(177, 1, 0),
(177, 2, 0),
(177, 3, 0),
(177, 4, 1),
(178, 1, 0),
(178, 2, 0),
(178, 3, 1),
(179, 1, 1),
(179, 2, 0),
(180, 1, 0),
(180, 2, 0),
(180, 3, 1),
(181, 1, 1),
(181, 2, 0),
(181, 3, 0),
(182, 1, 1),
(182, 2, 0),
(182, 3, 0),
(182, 4, 0),
(183, 1, 0),
(183, 2, 0),
(183, 3, 1),
(184, 1, 0),
(184, 2, 0),
(184, 3, 1),
(185, 1, 0),
(185, 2, 0),
(185, 3, 1),
(186, 1, 0),
(186, 2, 1),
(186, 3, 0),
(187, 1, 1),
(187, 2, 0),
(188, 1, 0),
(188, 2, 1),
(189, 1, 1),
(189, 2, 0),
(190, 1, 0),
(190, 2, 1),
(191, 1, 1),
(191, 2, 0),
(191, 3, 0),
(192, 1, 1),
(192, 2, 0),
(192, 3, 0),
(193, 1, 1),
(193, 2, 0),
(193, 3, 0),
(193, 4, 0),
(194, 1, 0),
(194, 2, 0),
(194, 3, 0),
(194, 4, 1),
(195, 1, 1),
(195, 2, 0),
(196, 1, 1),
(196, 2, 0),
(197, 1, 0),
(197, 2, 0),
(197, 3, 1),
(198, 1, 1),
(198, 2, 0),
(198, 3, 0),
(198, 4, 0),
(199, 1, 0),
(199, 2, 1),
(199, 3, 0),
(199, 4, 0),
(200, 1, 0),
(200, 2, 0),
(200, 3, 1),
(201, 1, 1),
(201, 2, 0),
(202, 1, 0),
(202, 2, 0),
(202, 3, 0),
(202, 4, 1),
(203, 1, 0),
(203, 2, 0),
(203, 3, 1),
(204, 1, 1),
(204, 2, 0),
(204, 3, 0),
(204, 4, 0),
(205, 1, 0),
(205, 2, 0),
(205, 3, 0),
(205, 4, 1),
(206, 1, 1),
(206, 2, 0),
(206, 3, 0),
(207, 1, 1),
(207, 2, 0),
(208, 1, 0),
(208, 2, 1),
(208, 3, 0),
(209, 1, 0),
(209, 2, 1),
(210, 1, 1),
(210, 2, 0),
(211, 1, 1),
(211, 2, 0),
(211, 3, 0),
(212, 1, 0),
(212, 2, 1),
(213, 1, 0),
(213, 2, 1),
(213, 3, 0),
(214, 1, 1),
(214, 2, 0),
(214, 3, 0),
(215, 1, 1),
(215, 2, 0),
(216, 1, 0),
(216, 2, 1),
(216, 3, 0),
(217, 1, 1),
(217, 2, 0),
(218, 1, 0),
(218, 2, 0),
(218, 3, 1),
(219, 1, 0),
(219, 2, 0),
(219, 3, 1),
(220, 1, 0),
(220, 2, 0),
(220, 3, 0),
(220, 4, 1),
(221, 1, 1),
(221, 2, 0),
(222, 1, 0),
(222, 2, 1),
(223, 1, 0),
(223, 2, 1),
(223, 3, 0),
(224, 1, 0),
(224, 2, 0),
(224, 3, 1),
(225, 1, 1),
(225, 2, 0),
(225, 3, 0),
(226, 1, 0),
(226, 2, 1),
(227, 1, 1),
(227, 2, 0),
(227, 3, 0),
(228, 1, 0),
(228, 2, 0),
(228, 3, 0),
(228, 4, 1),
(229, 1, 1),
(229, 2, 0),
(229, 3, 0),
(229, 4, 0),
(230, 1, 0),
(230, 2, 0),
(230, 3, 1),
(230, 4, 0),
(231, 1, 0),
(231, 2, 0),
(231, 3, 0),
(231, 4, 1),
(232, 1, 0),
(232, 2, 1),
(232, 3, 0),
(233, 1, 0),
(233, 2, 0),
(233, 3, 1),
(234, 1, 1),
(234, 2, 0),
(234, 3, 0),
(235, 1, 0),
(235, 2, 0),
(235, 3, 1),
(236, 1, 0),
(236, 2, 1),
(236, 3, 0),
(237, 1, 1),
(237, 2, 0),
(237, 3, 0),
(238, 1, 1),
(238, 2, 0),
(238, 3, 0),
(239, 1, 1),
(239, 2, 0),
(239, 3, 0),
(240, 1, 0),
(240, 2, 1),
(240, 3, 0),
(241, 1, 1),
(241, 2, 0),
(241, 3, 0),
(242, 1, 0),
(242, 2, 0),
(242, 3, 1),
(243, 1, 1),
(243, 2, 0),
(243, 3, 0),
(244, 1, 1),
(244, 2, 0),
(244, 3, 0),
(245, 1, 1),
(245, 2, 0),
(245, 3, 0),
(246, 1, 1),
(246, 2, 0),
(246, 3, 0),
(247, 1, 0),
(247, 2, 0),
(247, 3, 1),
(248, 1, 1),
(248, 2, 0),
(248, 3, 0),
(249, 1, 1),
(249, 2, 0),
(250, 1, 1),
(250, 2, 0),
(250, 3, 0),
(251, 1, 0),
(251, 2, 0),
(251, 3, 0),
(251, 4, 1),
(252, 1, 1),
(252, 2, 0),
(253, 1, 1),
(253, 2, 0),
(253, 3, 0),
(254, 1, 0),
(254, 2, 1),
(254, 3, 0),
(255, 1, 0),
(255, 2, 0),
(255, 3, 1),
(256, 1, 1),
(256, 2, 0),
(257, 1, 0),
(257, 2, 0),
(257, 3, 0),
(257, 4, 1),
(258, 1, 0),
(258, 2, 0),
(258, 3, 0),
(258, 4, 1),
(259, 1, 0),
(259, 2, 0),
(259, 3, 1),
(259, 4, 0),
(260, 1, 0),
(260, 2, 0),
(260, 3, 1),
(260, 4, 0),
(261, 1, 0),
(261, 2, 0),
(261, 3, 0),
(261, 4, 1),
(262, 1, 0),
(262, 2, 0),
(262, 3, 0),
(262, 4, 1),
(263, 1, 0),
(263, 2, 0),
(263, 3, 0),
(263, 4, 1),
(264, 1, 0),
(264, 2, 0),
(264, 3, 1),
(265, 1, 0),
(265, 2, 0),
(265, 3, 1),
(266, 1, 0),
(266, 2, 1),
(266, 3, 0),
(267, 1, 0),
(267, 2, 0),
(267, 3, 0),
(267, 4, 1),
(268, 1, 1),
(268, 2, 0),
(269, 1, 0),
(269, 2, 0),
(269, 3, 1),
(270, 1, 0),
(270, 2, 0),
(270, 3, 1),
(271, 1, 0),
(271, 2, 0),
(271, 3, 1),
(272, 1, 1),
(272, 2, 0),
(272, 3, 0),
(273, 1, 0),
(273, 2, 0),
(273, 3, 1),
(274, 1, 1),
(274, 2, 0),
(274, 3, 0),
(275, 1, 0),
(275, 2, 1),
(276, 1, 1),
(276, 2, 0),
(276, 3, 0),
(277, 1, 0),
(277, 2, 0),
(277, 3, 1),
(278, 1, 0),
(278, 2, 1),
(278, 3, 0),
(279, 1, 1),
(279, 2, 0),
(279, 3, 0),
(280, 1, 1),
(280, 2, 0),
(280, 3, 0),
(281, 1, 0),
(281, 2, 1),
(281, 3, 0),
(282, 1, 0),
(282, 2, 0),
(282, 3, 1),
(283, 1, 0),
(283, 2, 0),
(283, 3, 1),
(284, 1, 1),
(284, 2, 0),
(284, 3, 0),
(285, 1, 0),
(285, 2, 0),
(285, 3, 1),
(286, 1, 1),
(286, 2, 0),
(286, 3, 0),
(286, 4, 0),
(287, 1, 0),
(287, 2, 0),
(287, 3, 0),
(287, 4, 1),
(288, 1, 0),
(288, 2, 1),
(288, 3, 0),
(288, 4, 0),
(289, 1, 1),
(289, 2, 0),
(289, 3, 0),
(289, 4, 0),
(290, 1, 1),
(290, 2, 0),
(290, 3, 0),
(291, 1, 0),
(291, 2, 0),
(291, 3, 0),
(291, 4, 1),
(292, 1, 1),
(292, 2, 0),
(292, 3, 0),
(292, 4, 0),
(293, 1, 0),
(293, 2, 1),
(294, 1, 0),
(294, 2, 0),
(294, 3, 0),
(294, 4, 1),
(295, 1, 0),
(295, 2, 0),
(295, 3, 0),
(295, 4, 1),
(296, 1, 1),
(296, 2, 0),
(296, 3, 0),
(296, 4, 0),
(297, 1, 0),
(297, 2, 0),
(297, 3, 1),
(297, 4, 0),
(298, 1, 0),
(298, 2, 1),
(298, 3, 0),
(299, 1, 0),
(299, 2, 0),
(299, 3, 1),
(299, 4, 0),
(300, 1, 0),
(300, 2, 0),
(300, 3, 1),
(300, 4, 0)
insert into dbo.dapAn(idCauHoi, thuTu, dapAnDung) values
(301, 1, 1),
(301, 2, 0),
(301, 3, 0),
(301, 4, 0),
(302, 1, 0),
(302, 2, 0),
(302, 3, 0),
(302, 4, 1),
(303, 1, 0),
(303, 2, 1),
(303, 3, 0),
(303, 4, 0),
(304, 1, 1),
(304, 2, 0),
(304, 3, 0),
(305, 1, 0),
(305, 2, 0),
(305, 3, 1),
(306, 1, 1),
(306, 2, 0),
(306, 3, 0),
(307, 1, 0),
(307, 2, 0),
(307, 3, 1),
(307, 4, 0),
(308, 1, 0),
(308, 2, 0),
(308, 3, 1),
(308, 4, 0),
(309, 1, 0),
(309, 2, 1),
(309, 3, 0),
(310, 1, 0),
(310, 2, 0),
(310, 3, 0),
(310, 4, 1),
(311, 1, 0),
(311, 2, 0),
(311, 3, 1),
(312, 1, 0),
(312, 2, 1),
(313, 1, 0),
(313, 2, 1),
(313, 3, 0),
(313, 4, 0),
(314, 1, 1),
(314, 2, 0),
(314, 3, 0),
(315, 1, 0),
(315, 2, 1),
(315, 3, 0),
(316, 1, 0),
(316, 2, 0),
(316, 3, 1),
(317, 1, 1),
(317, 2, 0),
(317, 3, 0),
(317, 4, 0),
(318, 1, 1),
(318, 2, 0),
(318, 3, 0),
(318, 4, 0),
(319, 1, 1),
(319, 2, 0),
(319, 3, 0),
(319, 4, 0),
(320, 1, 0),
(320, 2, 1),
(320, 3, 0),
(320, 4, 0),
(321, 1, 0),
(321, 2, 1),
(321, 3, 0),
(322, 1, 0),
(322, 2, 0),
(322, 3, 1),
(323, 1, 0),
(323, 2, 0),
(323, 3, 1),
(324, 1, 1),
(324, 2, 0),
(324, 3, 0),
(325, 1, 0),
(325, 2, 1),
(325, 3, 0),
(326, 1, 0),
(326, 2, 0),
(326, 3, 1),
(327, 1, 0),
(327, 2, 1),
(327, 3, 0),
(327, 4, 0),
(328, 1, 1),
(328, 2, 0),
(328, 3, 0),
(328, 4, 0),
(329, 1, 0),
(329, 2, 1),
(329, 3, 0),
(330, 1, 1),
(330, 2, 0),
(330, 3, 0),
(331, 1, 0),
(331, 2, 0),
(331, 3, 1),
(332, 1, 0),
(332, 2, 0),
(332, 3, 0),
(332, 4, 1),
(333, 1, 0),
(333, 2, 0),
(333, 3, 1),
(334, 1, 0),
(334, 2, 0),
(334, 3, 1),
(335, 1, 1),
(335, 2, 0),
(336, 1, 0),
(336, 2, 1),
(337, 1, 1),
(337, 2, 0),
(337, 3, 0),
(338, 1, 0),
(338, 2, 1),
(339, 1, 1),
(339, 2, 0),
(339, 3, 0),
(340, 1, 0),
(340, 2, 0),
(340, 3, 1),
(341, 1, 1),
(341, 2, 0),
(342, 1, 1),
(342, 2, 0),
(342, 3, 0),
(342, 4, 0),
(343, 1, 0),
(343, 2, 0),
(343, 3, 1),
(343, 4, 0),
(344, 1, 0),
(344, 2, 1),
(345, 1, 1),
(345, 2, 0),
(346, 1, 0),
(346, 2, 1),
(346, 3, 0),
(347, 1, 0),
(347, 2, 1),
(347, 3, 0),
(348, 1, 0),
(348, 2, 1),
(349, 1, 0),
(349, 2, 1),
(349, 3, 0),
(350, 1, 0),
(350, 2, 1),
(350, 3, 0),
(351, 1, 1),
(351, 2, 0),
(352, 1, 1),
(352, 2, 0),
(352, 3, 0),
(353, 1, 0),
(353, 2, 1),
(353, 3, 0),
(354, 1, 0),
(354, 2, 1),
(354, 3, 0),
(355, 1, 1),
(355, 2, 0),
(356, 1, 1),
(356, 2, 0),
(357, 1, 1),
(357, 2, 0),
(358, 1, 0),
(358, 2, 1),
(358, 3, 0),
(359, 1, 0),
(359, 2, 1),
(359, 3, 0),
(360, 1, 1),
(360, 2, 0),
(360, 3, 0),
(361, 1, 1),
(361, 2, 0),
(362, 1, 0),
(362, 2, 1),
(363, 1, 0),
(363, 2, 1),
(363, 3, 0),
(364, 1, 1),
(364, 2, 0),
(365, 1, 0),
(365, 2, 1),
(365, 3, 0),
(366, 1, 0),
(366, 2, 1),
(367, 1, 1),
(367, 2, 0),
(367, 3, 0),
(368, 1, 0),
(368, 2, 0),
(368, 3, 1),
(368, 4, 0),
(369, 1, 1),
(369, 2, 0),
(369, 3, 0),
(370, 1, 0),
(370, 2, 0),
(370, 3, 0),
(370, 4, 1),
(371, 1, 1),
(371, 2, 0),
(371, 3, 0),
(372, 1, 0),
(372, 2, 0),
(372, 3, 1),
(372, 4, 0),
(373, 1, 0),
(373, 2, 1),
(373, 3, 0),
(373, 4, 0),
(374, 1, 0),
(374, 2, 0),
(374, 3, 1),
(374, 4, 0),
(375, 1, 1),
(375, 2, 0),
(375, 3, 0),
(375, 4, 0),
(376, 1, 0),
(376, 2, 1),
(376, 3, 0),
(377, 1, 1),
(377, 2, 0),
(377, 3, 0),
(378, 1, 0),
(378, 2, 0),
(378, 3, 0),
(378, 4, 1),
(379, 1, 0),
(379, 2, 0),
(379, 3, 1),
(380, 1, 0),
(380, 2, 0),
(380, 3, 1),
(381, 1, 0),
(381, 2, 1),
(381, 3, 0),
(381, 4, 0),
(382, 1, 1),
(382, 2, 0),
(382, 3, 0),
(382, 4, 0),
(383, 1, 0),
(383, 2, 1),
(383, 3, 0),
(384, 1, 1),
(384, 2, 0),
(384, 3, 0),
(384, 4, 0),
(385, 1, 0),
(385, 2, 0),
(385, 3, 1),
(385, 4, 0),
(386, 1, 0),
(386, 2, 0),
(386, 3, 1),
(386, 4, 0),
(387, 1, 1),
(387, 2, 0),
(387, 3, 0),
(388, 1, 0),
(388, 2, 1),
(388, 3, 0),
(389, 1, 1),
(389, 2, 0),
(389, 3, 0),
(390, 1, 0),
(390, 2, 1),
(390, 3, 0),
(391, 1, 0),
(391, 2, 0),
(391, 3, 1),
(391, 4, 0),
(392, 1, 0),
(392, 2, 1),
(392, 3, 0),
(393, 1, 0),
(393, 2, 0),
(393, 3, 1),
(394, 1, 0),
(394, 2, 0),
(394, 3, 1),
(395, 1, 1),
(395, 2, 0),
(395, 3, 0),
(396, 1, 0),
(396, 2, 1),
(396, 3, 0),
(397, 1, 0),
(397, 2, 1),
(397, 3, 0),
(398, 1, 0),
(398, 2, 1),
(398, 3, 0),
(399, 1, 0),
(399, 2, 1),
(399, 3, 0),
(400, 1, 0),
(400, 2, 1),
(400, 3, 0),
(401, 1, 0),
(401, 2, 1),
(401, 3, 0),
(402, 1, 0),
(402, 2, 0),
(402, 3, 1),
(403, 1, 1),
(403, 2, 0),
(403, 3, 0),
(404, 1, 0),
(404, 2, 0),
(404, 3, 1),
(404, 4, 0),
(405, 1, 0),
(405, 2, 1),
(405, 3, 0),
(406, 1, 0),
(406, 2, 1),
(406, 3, 0),
(407, 1, 0),
(407, 2, 1),
(407, 3, 0),
(408, 1, 1),
(408, 2, 0),
(408, 3, 0),
(408, 4, 0),
(409, 1, 0),
(409, 2, 1),
(409, 3, 0),
(410, 1, 0),
(410, 2, 1),
(410, 3, 0),
(410, 4, 0),
(411, 1, 0),
(411, 2, 1),
(412, 1, 0),
(412, 2, 1),
(412, 3, 0),
(413, 1, 0),
(413, 2, 1),
(413, 3, 0),
(413, 4, 0),
(414, 1, 1),
(414, 2, 0),
(414, 3, 0),
(415, 1, 1),
(415, 2, 0),
(416, 1, 0),
(416, 2, 1),
(417, 1, 1),
(417, 2, 0),
(418, 1, 0),
(418, 2, 0),
(418, 3, 1),
(419, 1, 1),
(419, 2, 0),
(420, 1, 0),
(420, 2, 1),
(421, 1, 0),
(421, 2, 0),
(421, 3, 1),
(422, 1, 1),
(422, 2, 0),
(422, 3, 0),
(423, 1, 0),
(423, 2, 1),
(423, 3, 0),
(424, 1, 1),
(424, 2, 0),
(425, 1, 0),
(425, 2, 1),
(426, 1, 0),
(426, 2, 1),
(426, 3, 0),
(427, 1, 0),
(427, 2, 0),
(427, 3, 1),
(428, 1, 1),
(428, 2, 0),
(429, 1, 0),
(429, 2, 1),
(430, 1, 1),
(430, 2, 0),
(431, 1, 0),
(431, 2, 1),
(431, 3, 0),
(432, 1, 0),
(432, 2, 0),
(432, 3, 1),
(433, 1, 1),
(433, 2, 0),
(434, 1, 0),
(434, 2, 1),
(434, 3, 0),
(435, 1, 1),
(435, 2, 0),
(435, 3, 0),
(435, 4, 0),
(436, 1, 0),
(436, 2, 0),
(436, 3, 0),
(436, 4, 1),
(437, 1, 0),
(437, 2, 0),
(437, 3, 1),
(437, 4, 0),
(438, 1, 0),
(438, 2, 0),
(438, 3, 0),
(438, 4, 1),
(439, 1, 0),
(439, 2, 1),
(439, 3, 0),
(439, 4, 0),
(440, 1, 0),
(440, 2, 0),
(440, 3, 1),
(440, 4, 0),
(441, 1, 1),
(441, 2, 0),
(441, 3, 0),
(441, 4, 0),
(442, 1, 1),
(442, 2, 0),
(442, 3, 0),
(442, 4, 0),
(443, 1, 0),
(443, 2, 0),
(443, 3, 1),
(444, 1, 0),
(444, 2, 0),
(444, 3, 1),
(444, 4, 0),
(445, 1, 1),
(445, 2, 0),
(445, 3, 0),
(446, 1, 0),
(446, 2, 0),
(446, 3, 1),
(446, 4, 0),
(447, 1, 0),
(447, 2, 1),
(447, 3, 0),
(448, 1, 0),
(448, 2, 0),
(448, 3, 1),
(449, 1, 1),
(449, 2, 0),
(449, 3, 0),
(450, 1, 1),
(450, 2, 0),
(450, 3, 0),
(450, 4, 0),
(451, 1, 0),
(451, 2, 1),
(451, 3, 0),
(451, 4, 0),
(452, 1, 0),
(452, 2, 1),
(452, 3, 0),
(453, 1, 0),
(453, 2, 0),
(453, 3, 1),
(454, 1, 0),
(454, 2, 0),
(454, 3, 1),
(455, 1, 1),
(455, 2, 0),
(456, 1, 0),
(456, 2, 1),
(456, 3, 0),
(457, 1, 0),
(457, 2, 0),
(457, 3, 1),
(457, 4, 0),
(458, 1, 0),
(458, 2, 0),
(458, 3, 1),
(459, 1, 1),
(459, 2, 0),
(459, 3, 0),
(460, 1, 1),
(460, 2, 0),
(460, 3, 0),
(460, 4, 0),
(461, 1, 1),
(461, 2, 0),
(462, 1, 1),
(462, 2, 0),
(463, 1, 0),
(463, 2, 1),
(464, 1, 0),
(464, 2, 1),
(464, 3, 0),
(465, 1, 0),
(465, 2, 1),
(465, 3, 0),
(466, 1, 0),
(466, 2, 0),
(466, 3, 1),
(467, 1, 0),
(467, 2, 0),
(467, 3, 0),
(467, 4, 1),
(468, 1, 1),
(468, 2, 0),
(468, 3, 0),
(469, 1, 0),
(469, 2, 0),
(469, 3, 1),
(470, 1, 1),
(470, 2, 0),
(470, 3, 0),
(471, 1, 0),
(471, 2, 0),
(471, 3, 1),
(472, 1, 0),
(472, 2, 1),
(472, 3, 0),
(473, 1, 0),
(473, 2, 1),
(473, 3, 0),
(473, 4, 0),
(474, 1, 0),
(474, 2, 1),
(475, 1, 0),
(475, 2, 1),
(476, 1, 0),
(476, 2, 0),
(476, 3, 1),
(476, 4, 0),
(477, 1, 0),
(477, 2, 0),
(477, 3, 0),
(477, 4, 1),
(478, 1, 0),
(478, 2, 1),
(478, 3, 0),
(478, 4, 0),
(479, 1, 0),
(479, 2, 0),
(479, 3, 0),
(479, 4, 1),
(480, 1, 1),
(480, 2, 0),
(481, 1, 0),
(481, 2, 1),
(482, 1, 0),
(482, 2, 0),
(482, 3, 0),
(482, 4, 1),
(483, 1, 0),
(483, 2, 0),
(483, 3, 1),
(484, 1, 0),
(484, 2, 1),
(484, 3, 0),
(485, 1, 1),
(485, 2, 0),
(485, 3, 0),
(486, 1, 0),
(486, 2, 0),
(486, 3, 1),
(487, 1, 0),
(487, 2, 1),
(487, 3, 0),
(487, 4, 0),
(488, 1, 1),
(488, 2, 0),
(488, 3, 0),
(488, 4, 0),
(489, 1, 0),
(489, 2, 0),
(489, 3, 0),
(489, 4, 1),
(490, 1, 0),
(490, 2, 0),
(490, 3, 1),
(490, 4, 0),
(491, 1, 1),
(491, 2, 0),
(492, 1, 0),
(492, 2, 1),
(493, 1, 1),
(493, 2, 0),
(493, 3, 0),
(494, 1, 0),
(494, 2, 1),
(494, 3, 0),
(495, 1, 1),
(495, 2, 0),
(496, 1, 1),
(496, 2, 0),
(496, 3, 0),
(497, 1, 1),
(497, 2, 0),
(498, 1, 0),
(498, 2, 1),
(499, 1, 1),
(499, 2, 0),
(500, 1, 0),
(500, 2, 1),
(500, 3, 0),
(501, 1, 0),
(501, 2, 1),
(502, 1, 0),
(502, 2, 1),
(502, 3, 0),
(502, 4, 0),
(503, 1, 1),
(503, 2, 0),
(503, 3, 0),
(504, 1, 0),
(504, 2, 0),
(504, 3, 1),
(504, 4, 0),
(505, 1, 1),
(505, 2, 0),
(505, 3, 0),
(505, 4, 0),
(506, 1, 0),
(506, 2, 1),
(506, 3, 0),
(507, 1, 1),
(507, 2, 0),
(507, 3, 0),
(508, 1, 1),
(508, 2, 0),
(508, 3, 0),
(508, 4, 0),
(509, 1, 0),
(509, 2, 0),
(509, 3, 1),
(509, 4, 0),
(510, 1, 0),
(510, 2, 1),
(511, 1, 0),
(511, 2, 1),
(512, 1, 0),
(512, 2, 1),
(512, 3, 0),
(512, 4, 0),
(513, 1, 1),
(513, 2, 0),
(513, 3, 0),
(514, 1, 1),
(514, 2, 0),
(514, 3, 0),
(515, 1, 0),
(515, 2, 1),
(516, 1, 1),
(516, 2, 0),
(517, 1, 0),
(517, 2, 1),
(518, 1, 1),
(518, 2, 0),
(519, 1, 0),
(519, 2, 1),
(519, 3, 0),
(519, 4, 0),
(520, 1, 0),
(520, 2, 0),
(520, 3, 0),
(520, 4, 1),
(521, 1, 1),
(521, 2, 0),
(521, 3, 0),
(521, 4, 0),
(522, 1, 0),
(522, 2, 1),
(523, 1, 0),
(523, 2, 0),
(523, 3, 1),
(523, 4, 0),
(524, 1, 0),
(524, 2, 1),
(524, 3, 0),
(524, 4, 0),
(525, 1, 1),
(525, 2, 0),
(526, 1, 0),
(526, 2, 1),
(527, 1, 0),
(527, 2, 0),
(527, 3, 1),
(527, 4, 0),
(528, 1, 0),
(528, 2, 0),
(528, 3, 1),
(529, 1, 0),
(529, 2, 0),
(529, 3, 1),
(529, 4, 0),
(530, 1, 1),
(530, 2, 0),
(531, 1, 0),
(531, 2, 0),
(531, 3, 1),
(532, 1, 0),
(532, 2, 1),
(532, 3, 0),
(533, 1, 0),
(533, 2, 0),
(533, 3, 1),
(534, 1, 1),
(534, 2, 0),
(534, 3, 0),
(535, 1, 0),
(535, 2, 0),
(535, 3, 1),
(536, 1, 1),
(536, 2, 0),
(536, 3, 0),
(536, 4, 0),
(537, 1, 0),
(537, 2, 0),
(537, 3, 0),
(537, 4, 1),
(538, 1, 0),
(538, 2, 1),
(538, 3, 0),
(539, 1, 0),
(539, 2, 0),
(539, 3, 1),
(539, 4, 0),
(540, 1, 0),
(540, 2, 1),
(540, 3, 0),
(541, 1, 1),
(541, 2, 0),
(542, 1, 0),
(542, 2, 1),
(543, 1, 1),
(543, 2, 0),
(543, 3, 0),
(543, 4, 0),
(544, 1, 1),
(544, 2, 0),
(545, 1, 0),
(545, 2, 1),
(545, 3, 0),
(545, 4, 0),
(546, 1, 0),
(546, 2, 1),
(547, 1, 0),
(547, 2, 0),
(547, 3, 1),
(548, 1, 0),
(548, 2, 0),
(548, 3, 1),
(548, 4, 0),
(549, 1, 0),
(549, 2, 1),
(550, 1, 1),
(550, 2, 0),
(550, 3, 0),
(551, 1, 0),
(551, 2, 0),
(551, 3, 1),
(551, 4, 0),
(552, 1, 0),
(552, 2, 1),
(552, 3, 0),
(553, 1, 0),
(553, 2, 0),
(553, 3, 1),
(554, 1, 0),
(554, 2, 1),
(554, 3, 0),
(555, 1, 0),
(555, 2, 1),
(556, 1, 0),
(556, 2, 1),
(557, 1, 0),
(557, 2, 0),
(557, 3, 1),
(557, 4, 0),
(558, 1, 0),
(558, 2, 0),
(558, 3, 0),
(558, 4, 1),
(559, 1, 0),
(559, 2, 0),
(559, 3, 0),
(559, 4, 1),
(560, 1, 0),
(560, 2, 1),
(560, 3, 0),
(561, 1, 0),
(561, 2, 0),
(561, 3, 1),
(562, 1, 0),
(562, 2, 1),
(562, 3, 0),
(562, 4, 0),
(563, 1, 1),
(563, 2, 0),
(563, 3, 0),
(563, 4, 0),
(564, 1, 0),
(564, 2, 1),
(564, 3, 0),
(565, 1, 0),
(565, 2, 1),
(565, 3, 0),
(565, 4, 0),
(566, 1, 0),
(566, 2, 0),
(566, 3, 1),
(566, 4, 0),
(567, 1, 0),
(567, 2, 0),
(567, 3, 1),
(568, 1, 0),
(568, 2, 1),
(568, 3, 0),
(569, 1, 1),
(569, 2, 0),
(569, 3, 0),
(570, 1, 1),
(570, 2, 0),
(570, 3, 0),
(570, 4, 0),
(571, 1, 0),
(571, 2, 0),
(571, 3, 1),
(572, 1, 0),
(572, 2, 1),
(572, 3, 0),
(573, 1, 0),
(573, 2, 0),
(573, 3, 1),
(574, 1, 0),
(574, 2, 0),
(574, 3, 1),
(575, 1, 0),
(575, 2, 1),
(575, 3, 0),
(576, 1, 0),
(576, 2, 1),
(577, 1, 0),
(577, 2, 1),
(578, 1, 0),
(578, 2, 0),
(578, 3, 0),
(578, 4, 1),
(579, 1, 0),
(579, 2, 0),
(579, 3, 1),
(580, 1, 1),
(580, 2, 0),
(580, 3, 0),
(581, 1, 0),
(581, 2, 1),
(581, 3, 0),
(582, 1, 0),
(582, 2, 0),
(582, 3, 1),
(583, 1, 0),
(583, 2, 0),
(583, 3, 1),
(584, 1, 0),
(584, 2, 0),
(584, 3, 0),
(584, 4, 1),
(585, 1, 1),
(585, 2, 0),
(586, 1, 0),
(586, 2, 1),
(587, 1, 0),
(587, 2, 0),
(587, 3, 1),
(588, 1, 0),
(588, 2, 1),
(589, 1, 0),
(589, 2, 1),
(589, 3, 0),
(590, 1, 0),
(590, 2, 0),
(590, 3, 1),
(591, 1, 1),
(591, 2, 0),
(592, 1, 1),
(592, 2, 0),
(592, 3, 0),
(593, 1, 0),
(593, 2, 0),
(593, 3, 1),
(594, 1, 1),
(594, 2, 0),
(594, 3, 0),
(595, 1, 0),
(595, 2, 1),
(595, 3, 0),
(596, 1, 0),
(596, 2, 1),
(596, 3, 0),
(597, 1, 0),
(597, 2, 1),
(598, 1, 0),
(598, 2, 1),
(599, 1, 1),
(599, 2, 0),
(600, 1, 0),
(600, 2, 1),
(600, 3, 0);
GO

/* ================== (0) Bảng tạm ================== */
IF OBJECT_ID('tempdb..#BoDeMoi') IS NOT NULL DROP TABLE #BoDeMoi;
CREATE TABLE #BoDeMoi (
    idHang   INT,
    idBoDe   INT,
    soCauHoi INT
);

/* ================== (1) Tạo 10 bộ đề / mỗi hạng ================== */
;WITH HangInfo AS (
    SELECT
        H.idHang,
        H.maHang,
        H.soCauHoi,
        CAST(CEILING(H.thoiGianTn / 60.0) AS INT) AS thoiGianPhut
    FROM dbo.hang AS H
),
Nums AS (
    SELECT n FROM (VALUES (1),(2),(3),(4),(5),(6),(7),(8),(9),(10)) AS T(n)
)
INSERT INTO dbo.boDeThiThu (tenBoDe, thoiGian, soCauHoi, hoatDong, idHang)
OUTPUT inserted.idHang, inserted.idBoDe, inserted.soCauHoi
INTO #BoDeMoi (idHang, idBoDe, soCauHoi)
SELECT
    N'Đề chuẩn hạng ' + HI.maHang + N' ' + CAST(N.n AS NVARCHAR(10)),
    HI.thoiGianPhut,
    HI.soCauHoi,
    1,
    HI.idHang
FROM HangInfo HI
CROSS JOIN Nums N;

/* ================== (2) Xác định loại hạng ================== */
;WITH HangWithType AS (
    SELECT 
        H.idHang,
        H.maHang,
        CASE WHEN H.maHang LIKE N'A%' THEN 1 ELSE 0 END AS isXeMay,
        H.soCauHoi
    FROM dbo.hang AS H
),

CauTheoHang AS (
    SELECT
        HWT.idHang,
        Q.idCauHoi,
        Q.cauLiet,
        Q.chuY,
        Q.xeMay
    FROM HangWithType AS HWT
    JOIN dbo.cauHoiLyThuyet AS Q
      ON ( (HWT.isXeMay = 1 AND Q.xeMay = 1) OR (HWT.isXeMay = 0) )
),

PoolPerDe AS (
    SELECT
        B.idBoDe,
        B.idHang,
        B.soCauHoi,
        C.idCauHoi,
        C.cauLiet,
        C.chuY,
        C.xeMay
    FROM #BoDeMoi B
    JOIN CauTheoHang C ON C.idHang = B.idHang
),

MotCauLiet AS (
    SELECT idBoDe, idHang, idCauHoi
    FROM (
        SELECT
            P.*, ROW_NUMBER() OVER (PARTITION BY P.idBoDe ORDER BY NEWID()) AS rn
        FROM PoolPerDe P
        WHERE P.cauLiet = 1
    ) X WHERE rn = 1
),

ChuY_Chon AS (
    SELECT idBoDe, idHang, idCauHoi
    FROM (
        SELECT
            P.*, ROW_NUMBER() OVER (PARTITION BY P.idBoDe ORDER BY NEWID()) AS rn
        FROM PoolPerDe P
        WHERE P.chuY = 1
          AND P.idCauHoi NOT IN (SELECT idCauHoi FROM MotCauLiet WHERE idBoDe = P.idBoDe)
    ) X WHERE rn <= 5
),

SoLuong AS (
    SELECT
        B.idBoDe,
        B.idHang,
        B.soCauHoi,
        CASE WHEN L.idBoDe IS NULL THEN 0 ELSE 1 END AS coCauLiet,
        ISNULL(Y.slChuY, 0) AS slChuY
    FROM #BoDeMoi B
    LEFT JOIN MotCauLiet L ON L.idBoDe = B.idBoDe
    LEFT JOIN (
        SELECT idBoDe, COUNT(*) AS slChuY FROM ChuY_Chon GROUP BY idBoDe
    ) Y ON Y.idBoDe = B.idBoDe
),

CacCauThuong AS (
    SELECT
        P.idBoDe,
        P.idHang,
        P.idCauHoi,
        ROW_NUMBER() OVER (PARTITION BY P.idBoDe ORDER BY NEWID()) AS rn
    FROM PoolPerDe P
    JOIN SoLuong S ON S.idBoDe = P.idBoDe
    WHERE P.idCauHoi NOT IN (SELECT idCauHoi FROM MotCauLiet WHERE idBoDe = P.idBoDe)
      AND P.idCauHoi NOT IN (SELECT idCauHoi FROM ChuY_Chon WHERE idBoDe = P.idBoDe)
),

CacCauThuong_GioiHan AS (
    SELECT
        CT.idBoDe,
        CT.idHang,
        CT.idCauHoi
    FROM CacCauThuong CT
    JOIN SoLuong S ON S.idBoDe = CT.idBoDe
    WHERE CT.rn <= (S.soCauHoi - S.coCauLiet - S.slChuY)
),

CauDeCuoi AS (
    SELECT idBoDe, idHang, idCauHoi, 1 AS thuTu
    FROM MotCauLiet

    UNION ALL

    SELECT
        CY.idBoDe,
        CY.idHang,
        CY.idCauHoi,
        ROW_NUMBER() OVER (PARTITION BY CY.idBoDe ORDER BY NEWID()) + CASE WHEN S.coCauLiet = 1 THEN 1 ELSE 0 END
    FROM ChuY_Chon CY
    JOIN SoLuong S ON S.idBoDe = CY.idBoDe

    UNION ALL

    SELECT
        CT.idBoDe,
        CT.idHang,
        CT.idCauHoi,
        ROW_NUMBER() OVER (PARTITION BY CT.idBoDe ORDER BY NEWID())
        + CASE WHEN S.coCauLiet = 1 THEN 1 ELSE 0 END
        + S.slChuY
    FROM CacCauThuong_GioiHan CT
    JOIN SoLuong S ON S.idBoDe = CT.idBoDe
),

Final AS (
    SELECT
        idBoDe,
        idCauHoi,
        thuTu,
        ROW_NUMBER() OVER (PARTITION BY idBoDe, idCauHoi ORDER BY thuTu) AS rn
    FROM CauDeCuoi
)

/* ================== (3) Ghi vào chi tiết bộ đề (LOẠI TRÙNG HOÀN TOÀN) ================== */
INSERT INTO dbo.chiTietBoDeTN (idBoDe, idCauHoi, thuTu)
SELECT idBoDe, idCauHoi, thuTu
FROM Final
WHERE rn = 1
ORDER BY idBoDe, thuTu;
GO

INSERT INTO dbo.chuongMoPhong(tenChuong, thuTu)
VALUES
(N'CHƯƠNG 1: GIAO THÔNG TRÊN ĐƯỜNG PHỐ (CÂU 01 - 29)', 1),
(N'CHƯƠNG 2: GIAO THÔNG TRÊN ĐƯỜNG Ở NÔNG THÔN (CÂU 30 - 43)', 2),
(N'CHƯƠNG 3: GIAO THÔNG TRÊN ĐƯỜNG CAO TỐC (CÂU 44 - 63)', 3),
(N'CHƯƠNG 4: GIAO THÔNG TRÊN ĐƯỜNG NÚI (CÂU 64 - 73)', 4),
(N'CHƯƠNG 5: GIAO THÔNG TRÊN ĐƯỜNG QUỐC LỘ (CÂU 74 - 90)', 5),
(N'CHƯƠNG 6: TÌNH HUỐNG GÂY RA TAI NẠN GIAO THÔNG THỰC TẾ (CÂU 91 - 120)', 6);
GO

INSERT INTO dbo.tinhHuongMoPhong(idChuongMp, tieuDe, videoUrl, thuTu, kho, tgBatDau, tgKetThuc, urlAnhMeo)
SELECT
    CASE 
        WHEN v.Thu_tu BETWEEN 1 AND 29  THEN 1
        WHEN v.Thu_tu BETWEEN 30 AND 43 THEN 2
        WHEN v.Thu_tu BETWEEN 44 AND 63 THEN 3
        WHEN v.Thu_tu BETWEEN 64 AND 73 THEN 4
        WHEN v.Thu_tu BETWEEN 74 AND 90 THEN 5
        WHEN v.Thu_tu BETWEEN 91 AND 120 THEN 6
    END AS ID_Chuong,
    v.Tieu_de,
    CONCAT('wwwroot/videos/situations/th', RIGHT('000' + CAST(v.Thu_tu AS varchar(3)), 3), '.mp4') AS Video_url,
    v.Thu_tu,
    v.Kho,
    CAST(v.MinuteStart * 60.0 AS float) AS TG_Bat_dau,   -- phút -> giây (ví dụ 10.427 -> 625.6200)
    CAST(v.MinuteEnd   * 60.0 AS float) AS TG_Ket_thuc, -- phút -> giây (ví dụ 13.140 -> 788.4000)
    CONCAT('wwwroot/images/situations-tips/cau_', RIGHT('000' + CAST(v.Thu_tu AS varchar(3)), 3), '.jpg') AS Url_anh_meo
FROM (VALUES
(1 , N'Người đi bộ sang đường bị khuất sau xe tải', 0, 10.427, 13.140),
(2 , N'Người đi bộ vượt đèn đỏ sang đường', 0, 17.915, 20.133),
(3 , N'Xe phía trước phanh gấp để tránh xe buýt đang dừng tại bến xe buýt', 0, 15.076, 18.040),
(4 , N'Xe con từ đường nhánh đi nhanh ra tại ngã ba không có đèn tín hiệu giao thông', 1, 10.527, 15.289),
(5 , N'Xe máy đang đi thẳng, đột ngột rẽ trái sang đường trước đầu xe bạn', 0, 12.397, 16.473),
(6 , N'Xe buýt lấn làn để vượt tại ngã ba', 0, 13.171, 16.443),
(7 , N'Xe phía trước phanh gấp tránh người đi bộ vượt đèn đỏ sang đường', 0, 10.536, 14.986),
(8 , N'Xe đạp bất ngờ đi ra từ đường nhánh tại ngã ba', 0, 10.506, 13.450),
(9 , N'Xe ô tô làn đường đối diện lấn làn vượt xe tải đang dừng đỗ tại khu vực đông đúc', 0, 8.241, 10.980),
(10, N'Xe ô tô bất ngờ đi nhanh ra từ đường nhánh bên trái tại ngã ba', 0, 11.883, 16.232),
(11, N'Xe bồn bê-tông từ đường nhánh lấn làn để rẽ tại ngã ba không có đèn giao thông có nhiều xe đang dừng đỗ', 0, 17.720, 21.053),
(12, N'Xe mô-tô lấn làn vượt ẩu nguy hiểm tại giao lộ', 1, 15.063, 15.710),
(13, N'Người đi xe đạp từ vỉa hè bất ngờ đi xuống đường để sang đường', 1, 13.081, 13.637),
(14, N'Tình huống nguy hiểm khi gặp xe tải lớn đi qua hầm chui dân sinh', 0, 17.787, 17.787),
(15, N'Xe phía trước phanh gấp để tránh xe chuyển làn rẽ trái tại ngã ba', 0, 16.287, 17.787),
(16, N'Xe ô tô từ đường nhánh bên trái bất ngờ đi nhanh ra có nguy cơ va chạm với xe bạn', 0, 18.827, 18.827),
(17, N'Xe buýt lấn làn đường vượt ẩu tại ngã tư có đèn giao thông', 0, 18.204, 20.711),
(18, N'Gặp tài xế xe đang dừng đỗ ven đường đột ngột mở cửa xe', 1, 11.322, 14.665),
(19, N'Tài xế xe dừng bên đường đang mở cửa xe', 0, 12.455, 15.309),
(20, N'Tài xế xe đang đỗ ven đường đi ra mở cửa xe tại khu vực đường hẹp', 0, 18.559, 22.084),
(21, N'Xe ô tô phía dừng lại và lùi vào nơi đỗ tại khu vực đường hẹp', 0, 13.387, 16.740),
(22, N'Gặp xe ô tô từ đường nhánh bên phải tại ngã ba đi ra với tốc độ nhanh', 0, 13.150, 16.183),
(23, N'Xe ô tô đối diện lấn làn vượt xe đang có tín hiệu dừng khẩn cấp', 0, 15.058, 17.852),
(24, N'Xe tải lớn ở làn đối diện lấn làn vượt xe đang thu gom rác', 0, 13.673, 16.604),
(25, N'Xe ô tô khách bất ngờ đi ra từ nơi đỗ tại đường hẹp', 0, 10.682, 16.869),
(26, N'Tránh xe tại khu vực công trình sửa đường xuất hiện sau khúc cua', 0, 12.723, 17.440),
(27, N'Xe khách bật đèn cảnh báo dừng giữa ngã tư để đón khách', 0, 14.349, 17.326),
(28, N'Xe ô tô phía trước đang đi, đột ngột phanh gấp khi gặp vũng nước trên đường', 0, 11.834, 15.377),
(29, N'Trời mưa, ô tô phía trước phanh gấp để tránh xe mô-tô tạt đầu khi gặp chướng ngại vật', 0, 11.878, 15.359),
(30, N'Đường nông thôn, xe đi gặp đàn bò đang đứng trên đường', 1, 10.688, 15.216),
(31, N'Đường nông thôn, gặp đàn bò đi từ dưới vệ đường băng qua đường', 1, 9.665, 14.731),
(32, N'Người đi bộ băng qua đường lúc chập tối ngay trước xe bạn', 0, 11.660, 15.577),
(33, N'Học sinh đi ra đường tại khu vực gần trường học', 1, 12.517, 15.655),
(34, N'Gặp xe khách tại đoạn đường cong vào cua chiếm hết làn đường tại khu vực đường hẹp', 0, 12.852, 12.784),
(35, N'Xe khách phía trước đột ngột phanh giảm tốc độ tránh xe đối diện tại đoạn đường cong', 0, 13.445, 9.574),
(36, N'Đường nông thôn, xuất hiện xe máy đi ra từ ngõ bên phải', 1, 19.205, 19.100),
(37, N'Đường nông thôn, nhóm xe đạp đi ra từ ngõ bên phải', 0, 22.714, 22.714),
(38, N'Ban đêm xe ô tô tải ngược chiều bật đèn chiếu xa làm 2 xe máy phía trước giảm tốc độ', 0, 13.340, 14.469),
(39, N'Xe tải từ đường nhánh nhập làn nguy hiểm', 0, 18.215, 18.149),
(40, N'Gần cổng làng, phía sau có xe mô-tô lấn làn để vượt xe ô tô đang dừng đỗ', 0, 13.927, 13.485),
(41, N'Xe con làn đối diện rẽ nhanh cắt qua đầu xe bạn tại ngã ba', 0, 14.157, 15.841),
(42, N'Tại ngã tư, đèn xanh, xe bạn bắt đầu di chuyển có xe mô-tô rẽ cắt ngang qua đầu xe bạn', 1, 10.070, 12.960),
(43, N'Trời mưa, xe con giảm nhanh tốc độ để tránh xe tải chuyển làn đột ngột tránh chướng ngại vật phía trước', 0, 16.614, 18.503),
(44, N'Phía sau làn phải có xe con vượt lên và chuyển làn cắt ngang nguy hiểm trước mặt xe bạn', 0, 12.713, 14.951),
(45, N'Xe tải ở làn phải vượt lên và đột ngột chuyển làn sang làn giữa làm xe phía trước phải phanh gấp', 0, 12.350, 16.391),
(46, N'Xe ô tô con ở làn bên trái vượt lên và chuyển làn phải cắt qua nguy hiểm trước đầu xe bạn để rẽ ra đường gom', 0, 16.929, 19.642),
(47, N'Xe cấp cứu xin đường, xe con bên trái tăng tốc vượt lên và chuyển làn cắt qua đầu xe bạn', 0, 18.166, 19.111),
(48, N'Xe bạn có tín hiệu để chuyển làn trái thì có xe phía sau nháy pha liên tục để vượt', 0, 12.562, 15.943),
(49, N'Ô tô phía trước phanh gấp do có xe tải tạt sang đột ngột vì gặp chướng ngại vật', 0, 12.070, 14.285),
(50, N'Xe tải phía trước làn phải đột ngột tăng tốc và chuyển sang làn giữa làm xe con phía trước phanh gấp', 0, 12.448, 15.134),
(51, N'Xe tải bật đèn cảnh báo đi ngược đường ở làn bên phải cao tốc', 0, 13.496, 14.901),
(52, N'Qua đoạn đường cong đột nhiên có xe tải đi lùi trong làn khẩn cấp', 0, 8.373, 10.584),
(53, N'Trên đường cao tốc ban đêm, đột nhiên có xe tải đi chiều ngược lại ở làn khẩn cấp', 0, 11.342, 15.803),
(54, N'Xe tải từ đường nhánh nhập vào cao tốc với tốc độ cao', 0, 13.275, 14.930),
(55, N'Cao tốc, xe tải đột ngột giảm tốc và chuyển sang làn xe bạn do gặp xe đang gặp sự cố trên đường', 0, 13.203, 15.769),
(56, N'Xe con đang dừng ở làn khẩn cấp xi nhan nhập làn trước xe bạn', 0, 13.628, 14.932),
(57, N'Xe con phía trước giảm tốc độ và chuyển sang làn xe bạn do gặp đoạn đường đang sửa chữa phía trước', 1, 14.948, 17.415),
(58, N'Xe tải phía trước giảm tốc độ, chuyển sang làn giữa do gặp đoạn đường đang sửa chữa phía trước', 0, 14.401, 16.872),
(59, N'Xe container đang đi từ làn trái chuyển ra đường nhánh cắt qua làn đường xe bạn', 0, 12.982, 15.205),
(60, N'Xe 16 chỗ từ làn đường khẩn cấp đi ra vào làn xe bạn', 0, 11.402, 13.470),
(61, N'Xe con từ đường nhánh nhập làn nguy hiểm cắt qua đầu xe bạn', 0, 15.228, 17.845),
(62, N'Xe con đi ngược chiều nguy hiểm tại làn đường tốc độ cao nhất trên cao tốc', 1, 13.841, 16.797),
(63, N'Đàn gia súc từ bên đường đi ra cắt qua làn đường xe bạn tại khu vực cao tốc bị hỏng hộ lan', 1, 12.433, 15.560),
(64, N'Phía đường cong xuất hiện xe tải đi đối diện làm xe khách phía trước giảm tốc độ đột ngột', 0, 14.766, 16.710),
(65, N'Đường đèo dốc ban đêm gần đoạn đường cong, đột ngột tại khúc cua có xe khách lấn làn vượt xe tải lớn', 0, 16.610, 19.919),
(66, N'Đi phía sau xe tải chở vật liệu không được chằng buộc cẩn thận', 0, 15.500, 18.836),
(67, N'Xe ô tô phía trước phanh gấp do có động vật hoang dã đứng ven đường', 0, 14.083, 17.260),
(68, N'Đường núi, sương mù, có đàn bò đứng sát đường ngay sau đoạn đường cong', 1, 16.033, 19.550),
(69, N'Xe con vào cua lấn làn nguy hiểm va chạm với xe ngược chiều trên đường đồi núi', 0, 16.570, 19.282),
(70, N'Xe khách lấn làn vượt xe container ngay tại khúc cua trên đường núi', 0, 15.118, 18.900),
(71, N'Đường núi, trời mưa, xe phía trước đột ngột dừng lại vì hỏng máy', 0, 12.970, 15.247),
(72, N'Xe tải lấn làn đường xe bạn để vượt các xe khác trên đường núi thời tiết sương mù', 1, 17.558, 20.448),
(73, N'Xe con lấn làn xe bạn để vượt xe tải trên đường núi ngay tại đoạn đường quanh co', 1, 13.113, 16.188),
(74, N'Xe ô tô phía trước phanh gấp để tránh đoàn xe đạp từ đường nhánh đi ra', 0, 14.758, 17.225),
(75, N'Trẻ em đột ngột lao ra để nhặt quả bóng bị lăn ra đường', 1, 12.855, 15.148),
(76, N'Em bé đột ngột chạy ra đường', 0, 10.601, 13.039),
(77, N'Xe con từ làn phải (khuất tầm nhìn) cắt ngang qua các xe đang đi thẳng để sang đường', 0, 14.016, 16.556),
(78, N'Đèn vừa chuyển xanh, đột ngột xe mô-tô làn trái phía trước cố vượt đèn đỏ cắt qua trước đầu xe', 0, 12.734, 16.387),
(79, N'Xe mô-tô đi ra từ đường nhánh nguy hiểm phía sau xe buýt vừa đi qua', 0, 15.532, 15.493),
(80, N'Xe mô tô vượt lên đột ngột giảm tốc và chuyển sang làn xe bạn để tránh chướng ngại vật trên đường', 0, 13.426, 15.533),
(81, N'Xe bán tải từ đường bên kia quay đầu đột ngột lấn làn xe bạn', 0, 13.585, 15.305),
(82, N'Xe tải lớn ở làn đường ngược chiều lấn làn xe bạn để vượt qua xe buýt', 0, 13.779, 15.139),
(83, N'Xuất hiện gia súc từ vệ đường đi ra đường quốc lộ ngay trước mặt xe bạn', 0, 15.281, 18.007),
(84, N'Xe con phía trước giảm tốc đột ngột và chuyển làn để tránh xe buýt đang dừng', 0, 11.710, 15.231),
(85, N'Khúc gỗ trên xe tải phía trước bị rơi xuống do xe phanh gấp', 0, 12.195, 14.792),
(86, N'Xe con đi phía trước giảm tốc và chuyển làn đột ngột để tránh chướng ngại vật', 0, 15.329, 18.557),
(87, N'Đi qua chỗ giao cắt với đường sắt ban đêm, không có đèn tín hiệu, phía sau xe con, đột nhiên có tàu đi tới', 0, 11.777, 15.415),
(88, N'Xe mô-tô phanh và chuyển làn để tránh xe buýt vào trả khách', 0, 14.891, 18.502),
(89, N'Xe đạp từ bên kia đường đối diện băng qua đường không quan sát trước mặt xe bạn', 0, 12.726, 15.841),
(90, N'Xe bán tải phía trước giảm tốc độ và chuyển làn khẩn cấp để tránh xe mô-tô đi ngược chiều', 1, 14.885, 19.844),
(91, N'[Tai nạn] Xe ô tô Innova lùi trên cao tốc Hà Nội - Thái Nguyên', 0, 12.281, 14.690),
(92, N'[Tai nạn] Xe mô-tô lấn làn vượt ẩu trên đường núi, va chạm với xe khách đi ngược chiều', 0, 14.132, 17.927),
(93, N'[Tai nạn] Xe con từ làn trong cùng bên trái lấn làn vượt ẩu để đi ra đường nhánh, va chạm với xe tải', 0, 13.623, 18.031),
(94, N'[Tai nạn] Tai nạn liên hoàn giữa 3 xe khách do đâm vào xe đang dừng đỗ để sửa chữa', 0, 13.330, 16.930),
(95, N'[Tai nạn] Tài xế giật mình đánh lái gấp đâm vào dải phân cách, xe đổ vào đám đông làm 5 người thiệt mạng', 0, 15.648, 18.572),
(96, N'[Tai nạn] Xe container không làm chủ tốc độ đâm trực diện vào xe ô tô con đang dừng chờ đèn đỏ', 0, 12.648, 15.740),
(97, N'[Tai nạn] Xe khách vào cua tốc độ cao, lấn sang đường ngược chiều va chạm với xe đi chiều ngược lại', 0, 15.130, 18.328),
(98, N'[Tai nạn] Đèo Prenn: xe khách mất lái đâm vào người điều tiết giao thông và xe khách đi ngược chiều', 0, 14.451, 16.512),
(99, N'[Tai nạn] Hầm Hải Vân: xe kéo rơ moóc mất lái lấn làn đâm trực diện xe tải đi ngược chiều', 1, 12.743, 14.822),
(100, N'[Tai nạn] Xe ô tô con qua đường sắt tại Nam Định không chú ý va chạm với tàu hỏa', 0, 12.802, 14.940),
(101, N'[Tai nạn] Xe ô tô 16 chỗ rẽ trái qua đường sắt không chú ý va chạm với tàu hỏa', 0, 14.932, 16.878),
(102, N'[Tai nạn] Xe khách va chạm với xe cứu hỏa đi ngược chiều tại nút giao Pháp Vân', 1, 11.852, 15.088),
(103, N'[Tai nạn] Đột nhiên có xe từ làn đối diện đi ngược chiều va chạm với xe con', 0, 14.309, 18.096),
(104, N'[Tai nạn] Ngã tư Hàng Xanh: lái xe có nồng độ cồn, không làm chủ tốc độ, đâm vào loạt xe dừng chờ đèn đỏ', 1, 15.720, 19.808),
(105, N'[Tai nạn] Xe khách 45 chỗ đâm vào xe đầu kéo kéo rơ moóc chở máy ủi đi từ đường tránh ra, tai nạn thảm khốc', 1, 12.817, 16.006),
(106, N'[Tai nạn] Xe khách 48 chỗ thiếu kỹ năng, không thông thuộc địa hình lao xuống vực tại Kon Tum', 1, 18.268, 21.274),
(107, N'[Tai nạn] Xe khách lấn làn vượt xe tải, đâm trực diện vào xe khách đi ngược chiều gây tai nạn liên hoàn 3 xe', 0, 16.071, 19.943),
(108, N'[Tai nạn] Trời mưa, đường trơn; xe tải vào cua không làm chủ tốc độ đâm vào xe ben đi ngược chiều', 0, 22.995, 25.241),
(109, N'[Tai nạn] Xe 16 chỗ từ đường nhánh khuất tầm nhìn rẽ vào đường chính, bị xe sơ-mi rơ-moóc đâm (Ngã ba Nà Phặc - Bắc Kạn)', 0, 12.362, 15.490),
(110, N'[Tai nạn] Xe container bất ngờ tông loạt phương tiện đang dừng đèn đỏ tại QL1, nút giao Mỹ Phước - Tân Vạn (Bình Dương)', 1, 12.205, 15.249),
(111, N'[Tai nạn] Xe khách lấn làn vượt xe tải chỗ đường cong, đâm vào xe khách đi ngược chiều (km1791+400, ĐHCM, Đắk Lắk)', 0, 11.565, 14.685),
(112, N'[Tai nạn] Xe khách 16 chỗ vượt ẩu va chạm xe đầu kéo và xe khách đang xuống dốc, tai nạn liên hoàn (km12+400, TP. Huế)', 1, 7.257, 11.187),
(113, N'[Tai nạn] Đèn chuyển xanh, xe con cố vượt từ đường giao bên trái sang làm va chạm với xe con', 0, 16.891, 19.934),
(114, N'[Tai nạn] Ô tô 7 chỗ trên cầu treo hẹp ban đêm va chạm xe máy rồi rơi xuống sông (Thanh Chương, Nghệ An)', 1, 12.154, 16.330),
(115, N'[Tai nạn] Xe con phanh gấp tránh xe máy từ ngõ lao ra, xe khách không làm chủ tốc độ đâm trực diện', 0, 11.997, 15.892),
(116, N'[Tai nạn] Phía trước đá lở đột ngột rơi xuống (Đồng Văn, Hà Giang)', 1, 10.560, 15.126),
(117, N'[Tai nạn] Xe con phanh gấp tránh xe máy từ ngõ lao ra, xe khách không làm chủ tốc độ đâm trực diện', 0, 10.937, 13.396),
(118, N'[Tai nạn] Xe 16 chỗ rẽ không quan sát, không làm chủ tốc độ đâm vào xe bán tải đang lùi', 0, 10.619, 15.473),
(119, N'[Tai nạn] Xe khách không giữ khoảng cách an toàn, xử lý không kịp va chạm với xe tải đang dừng đỗ', 0, 11.921, 14.562),
(120, N'[Tai nạn] Xe tải mất lái lao vào chợ dân sinh và va chạm với các xe đi phía trước', 0, 13.733, 16.389)
) AS v(Thu_tu, Tieu_de, Kho, MinuteStart, MinuteEnd);
GO

INSERT INTO dbo.boDeMoPhong(tenBoDe, soTinhHuong)
VALUES
(N'Bộ đề số 1', 10),
(N'Bộ đề số 2', 10),
(N'Bộ đề số 3', 10),
(N'Bộ đề số 4', 10),
(N'Bộ đề số 5', 10),
(N'Bộ đề số 6', 10),
(N'Bộ đề số 7', 10),
(N'Bộ đề số 8', 10),
(N'Bộ đề số 9', 10),
(N'Bộ đề số 10', 10),
(N'Bộ đề số 11', 10),
(N'Bộ đề số 12', 10),
(N'Bộ đề số 13', 10),
(N'Bộ đề số 14', 10),
(N'Bộ đề số 15', 10),
(N'Bộ đề số 16', 10),
(N'Bộ đề số 17', 10),
(N'Bộ đề số 18', 10),
(N'Bộ đề số 19', 10),
(N'Bộ đề số 20', 10),
(N'Bộ đề số 21', 10),
(N'Bộ đề số 22', 10),
(N'Bộ đề số 23', 10),
(N'Bộ đề số 24', 10),
(N'Bộ đề số 25', 10),
(N'Bộ đề số 26', 10),
(N'Bộ đề số 27', 10),
(N'Bộ đề số 28', 10),
(N'Bộ đề số 29', 10),
(N'Bộ đề số 30', 10);
GO

INSERT INTO dbo.chiTietBoDeMoPhong(idBoDeMoPhong, idThMp, thuTu)
SELECT v.ID_Bo_de, t.idThMp, v.Thu_tu
FROM (VALUES
-- Đề 1
(1,  1, 1),(1,  2, 2),(1, 30, 3),(1, 44, 4),(1, 45, 5),(1, 64, 6),(1, 74, 7),(1, 75, 8),(1, 91, 9),(1, 92,10),
-- Đề 2
(2,  3, 1),(2,  4, 2),(2, 31, 3),(2, 46, 4),(2, 47, 5),(2, 65, 6),(2, 76, 7),(2, 77, 8),(2, 93, 9),(2, 94,10),
-- Đề 3
(3,  5, 1),(3,  6, 2),(3, 32, 3),(3, 48, 4),(3, 49, 5),(3, 66, 6),(3, 78, 7),(3, 79, 8),(3, 95, 9),(3, 96,10),
-- Đề 4
(4,  7, 1),(4,  8, 2),(4, 33, 3),(4, 50, 4),(4, 51, 5),(4, 67, 6),(4, 80, 7),(4, 81, 8),(4, 97, 9),(4, 98,10),
-- Đề 5
(5,  9, 1),(5, 10, 2),(5, 34, 3),(5, 52, 4),(5, 53, 5),(5, 68, 6),(5, 82, 7),(5, 83, 8),(5, 99, 9),(5,100,10),
-- Đề 6
(6, 11, 1),(6, 12, 2),(6, 35, 3),(6, 54, 4),(6, 55, 5),(6, 69, 6),(6, 84, 7),(6, 85, 8),(6,101, 9),(6,102,10),
-- Đề 7
(7, 13, 1),(7, 14, 2),(7, 36, 3),(7, 56, 4),(7, 57, 5),(7, 70, 6),(7, 86, 7),(7, 87, 8),(7,103, 9),(7,104,10),
-- Đề 8
(8, 15, 1),(8, 16, 2),(8, 37, 3),(8, 58, 4),(8, 59, 5),(8, 71, 6),(8, 88, 7),(8, 89, 8),(8,105, 9),(8,106,10),
-- Đề 9
(9, 17, 1),(9, 18, 2),(9, 38, 3),(9, 60, 4),(9, 61, 5),(9, 72, 6),(9, 90, 7),(9, 74, 8),(9,107, 9),(9,108,10),
-- Đề 10
(10,19, 1),(10,20, 2),(10,39, 3),(10,62, 4),(10,63, 5),(10,73, 6),(10,75, 7),(10,76, 8),(10,109,9),(10,110,10),
-- Đề 11
(11,21, 1),(11,22, 2),(11,40, 3),(11,44, 4),(11,45, 5),(11,64, 6),(11,77, 7),(11,78, 8),(11,111,9),(11,112,10),
-- Đề 12
(12,23, 1),(12,24, 2),(12,41, 3),(12,46, 4),(12,47, 5),(12,65, 6),(12,79, 7),(12,80, 8),(12,113,9),(12,114,10),
-- Đề 13
(13,25, 1),(13,26, 2),(13,42, 3),(13,48, 4),(13,49, 5),(13,66, 6),(13,81, 7),(13,82, 8),(13,115,9),(13,116,10),
-- Đề 14
(14,27, 1),(14,28, 2),(14,43, 3),(14,50, 4),(14,51, 5),(14,67, 6),(14,83, 7),(14,84, 8),(14,117,9),(14,118,10),
-- Đề 15
(15,29, 1),(15, 1, 2),(15,30, 3),(15,52, 4),(15,53, 5),(15,68, 6),(15,85, 7),(15,86, 8),(15,119,9),(15,120,10),
-- Đề 16
(16, 2, 1),(16, 3, 2),(16,31, 3),(16,54, 4),(16,55, 5),(16,69, 6),(16,87, 7),(16,88, 8),(16,91, 9),(16,92, 10),
-- Đề 17
(17, 4, 1),(17, 5, 2),(17,32, 3),(17,56, 4),(17,57, 5),(17,70, 6),(17,89, 7),(17,90, 8),(17,93, 9),(17,94, 10),
-- Đề 18
(18, 6, 1),(18, 7, 2),(18,33, 3),(18,58, 4),(18,59, 5),(18,71, 6),(18,74, 7),(18,75, 8),(18,95, 9),(18,96, 10),
-- Đề 19
(19, 8, 1),(19, 9, 2),(19,34, 3),(19,60, 4),(19,61, 5),(19,72, 6),(19,76, 7),(19,77, 8),(19,97, 9),(19,98, 10),
-- Đề 20
(20,10, 1),(20,11, 2),(20,35, 3),(20,62, 4),(20,63, 5),(20,73, 6),(20,78, 7),(20,79, 8),(20,99, 9),(20,100,10),
-- Đề 21
(21,12, 1),(21,13, 2),(21,36, 3),(21,44, 4),(21,45, 5),(21,64, 6),(21,80, 7),(21,81, 8),(21,101,9),(21,102,10),
-- Đề 22
(22,14, 1),(22,15, 2),(22,37, 3),(22,46, 4),(22,47, 5),(22,65, 6),(22,82, 7),(22,83, 8),(22,103,9),(22,104,10),
-- Đề 23
(23,16, 1),(23,17, 2),(23,38, 3),(23,48, 4),(23,49, 5),(23,66, 6),(23,84, 7),(23,85, 8),(23,105,9),(23,106,10),
-- Đề 24
(24,18, 1),(24,19, 2),(24,39, 3),(24,50, 4),(24,51, 5),(24,67, 6),(24,86, 7),(24,87, 8),(24,107,9),(24,108,10),
-- Đề 25
(25,20, 1),(25,21, 2),(25,40, 3),(25,52, 4),(25,53, 5),(25,68, 6),(25,88, 7),(25,89, 8),(25,109,9),(25,110,10),
-- Đề 26
(26,22, 1),(26,23, 2),(26,41, 3),(26,54, 4),(26,55, 5),(26,69, 6),(26,90, 7),(26,74, 8),(26,111,9),(26,112,10),
-- Đề 27
(27,24, 1),(27,25, 2),(27,42, 3),(27,56, 4),(27,57, 5),(27,70, 6),(27,75, 7),(27,76, 8),(27,113,9),(27,114,10),
-- Đề 28
(28,26, 1),(28,27, 2),(28,43, 3),(28,58, 4),(28,59, 5),(28,71, 6),(28,77, 7),(28,78, 8),(28,115,9),(28,116,10),
-- Đề 29
(29,28, 1),(29,29, 2),(29,30, 3),(29,60, 4),(29,61, 5),(29,72, 6),(29,79, 7),(29,80, 8),(29,117,9),(29,118,10),
-- Đề 30
(30, 1, 1),(30, 2, 2),(30,31, 3),(30,62, 4),(30,63, 5),(30,73, 6),(30,81, 7),(30,82, 8),(30,119,9),(30,120,10)
) AS v(ID_Bo_de, Thu_tu_situation, Thu_tu)
JOIN dbo.tinhHuongMoPhong AS t
  ON t.thuTu = v.Thu_tu_situation;
GO


UPDATE b
SET b.soCauHoi = c.SoLuongCau
FROM boDeThiThu b
INNER JOIN (
    SELECT idBoDe, COUNT(*) AS SoLuongCau
    FROM chiTietBoDeTN
    GROUP BY idBoDe
) c ON b.idBoDe = c.idBoDe;
GO

UPDATE b
SET b.hoatDong = 0
FROM boDeThiThu b
INNER JOIN hang h ON b.idHang = h.idHang
WHERE b.soCauHoi < h.soCauHoi;
